<?xml version="1.0" encoding="utf-8"?>
<RecordEntryContainer xmlns:xsd="http://www.w3.org/2001/XMLSchema" xmlns:xsi="http://www.w3.org/2001/XMLSchema-instance">
  <EnableContinuousRecorders>false</EnableContinuousRecorders>
  <EnableTrendRecorders>false</EnableTrendRecorders>
  <IsOnlineFastAndSlowscanRecordViewClosed>false</IsOnlineFastAndSlowscanRecordViewClosed>
  <RecordEntries />
  <RecorderLatestSettings />
  <IsRecordEntriesChanged>true</IsRecordEntriesChanged>
</RecordEntryContainer>