<?xml version="1.0"?>
<DIGSISettingsConfigurationData xmlns:xsd="http://www.w3.org/2001/XMLSchema" xmlns:xsi="http://www.w3.org/2001/XMLSchema-instance" xmlns="http://tempuri.org/Energy-DIGSI-SettingsService.xsd">
  <SettingSection sectionId="SLE_Section">
    <SettingInfo settingId="IsExpanded/{7344242-1411}">
      <settingvalue xsi:type="xsd:boolean">true</settingvalue>
    </SettingInfo>
    <SettingInfo settingId="ZoomLevel">
      <settingvalue xsi:type="xsd:int">100</settingvalue>
    </SettingInfo>
    <SettingInfo settingId="ScreenPositionX">
      <settingvalue xsi:type="xsd:int">0</settingvalue>
    </SettingInfo>
    <SettingInfo settingId="ScreenPositionY">
      <settingvalue xsi:type="xsd:int">0</settingvalue>
    </SettingInfo>
    <SettingInfo settingId="IsExpanded/{7344333-6785}">
      <settingvalue xsi:type="xsd:boolean">true</settingvalue>
    </SettingInfo>
    <SettingInfo settingId="IsExpanded/{7344333-5627}">
      <settingvalue xsi:type="xsd:boolean">true</settingvalue>
    </SettingInfo>
    <SettingInfo settingId="IsExpanded/{7344334-5753}">
      <settingvalue xsi:type="xsd:boolean">false</settingvalue>
    </SettingInfo>
    <SettingInfo settingId="IsExpanded/{7344334-6116}">
      <settingvalue xsi:type="xsd:boolean">false</settingvalue>
    </SettingInfo>
    <SettingInfo settingId="IsExpanded/{7344242-2092}">
      <settingvalue xsi:type="xsd:boolean">true</settingvalue>
    </SettingInfo>
    <SettingInfo settingId="IsExpanded/{7344333-7678}">
      <settingvalue xsi:type="xsd:boolean">true</settingvalue>
    </SettingInfo>
    <SettingInfo settingId="IsExpanded/{7344333-6228}">
      <settingvalue xsi:type="xsd:boolean">true</settingvalue>
    </SettingInfo>
    <SettingInfo settingId="IsExpanded/{7344334-6354}">
      <settingvalue xsi:type="xsd:boolean">false</settingvalue>
    </SettingInfo>
    <SettingInfo settingId="IsExpanded/{7344334-6717}">
      <settingvalue xsi:type="xsd:boolean">false</settingvalue>
    </SettingInfo>
    <SettingInfo settingId="IsExpanded/{7344334-7030}">
      <settingvalue xsi:type="xsd:boolean">false</settingvalue>
    </SettingInfo>
    <SettingInfo settingId="IsExpanded/{7344334-9526}">
      <settingvalue xsi:type="xsd:boolean">false</settingvalue>
    </SettingInfo>
  </SettingSection>
</DIGSISettingsConfigurationData>