﻿<!--This is a newly created ProfileCustomization file--><RoutingTableConfigurationLanguage xmlns:xsd="http://www.w3.org/2001/XMLSchema" xmlns:xsi="http://www.w3.org/2001/XMLSchema-instance" xmlns="http://www.siemens.com/Energy/DIGSI/2007/02/Presentation.Routing"><ProfileCustomization id="CompleteRoutingMatrix" filtering="None"><TableCustomization profileRef="CompleteRoutingMatrix"><ColumnDefinitionsCustomization><StaticColumnCustomization refType="NameIdentifier"><Filter logicaloperator="AND" condition="DoesNotEqual" expression="FG_BinaryIO" /><Filter logicaloperator="AND" condition="DoesNotEqual" expression="Interlockingltems_Menue_Control_Interlocking" /></StaticColumnCustomization><StaticColumnCustomization refType="RoutingElementVisibility"><Filter logicaloperator="OR" condition="Equals" expression="true" allowParentMatching="false" allowChildMatching="false" /></StaticColumnCustomization></ColumnDefinitionsCustomization></TableCustomization></ProfileCustomization></RoutingTableConfigurationLanguage>