﻿<!--This is a newly created ProfileCustomization file--><RoutingTableConfigurationLanguage xmlns:xsd="http://www.w3.org/2001/XMLSchema" xmlns:xsi="http://www.w3.org/2001/XMLSchema-instance" xmlns="http://www.siemens.com/Energy/DIGSI/2007/02/Presentation.Routing"><ProfileCustomization id="FaultConfigurationDataMatrix" filtering="None"><TableCustomization profileRef="FaultConfigurationDataMatrix"><ColumnDefinitionsCustomization><StaticColumnCustomization refType="NameIdentifier"><Filter logicaloperator="OR" condition="Equals" expression="FunctStr" /><Filter logicaloperator="OR" condition="Equals" expression="FunctOp" /><Filter logicaloperator="OR" condition="Equals" expression="PickupTime" /><Filter logicaloperator="OR" condition="Equals" expression="TripTime" /><Filter logicaloperator="OR" condition="Equals" expression="Distance" /><Filter logicaloperator="OR" condition="Equals" expression="Date" /><Filter logicaloperator="OR" condition="Equals" expression="Trip" /></StaticColumnCustomization><StaticColumnCustomization refType="RoutingElementVisibility"><Filter logicaloperator="OR" condition="Equals" expression="true" allowParentMatching="false" allowChildMatching="false" /></StaticColumnCustomization></ColumnDefinitionsCustomization></TableCustomization></ProfileCustomization></RoutingTableConfigurationLanguage>