<?xml version="1.0" encoding="utf-8"?>
<RecordEntryContainer xmlns:xsd="http://www.w3.org/2001/XMLSchema" xmlns:xsi="http://www.w3.org/2001/XMLSchema-instance">
  <EnableContinuousRecorders>false</EnableContinuousRecorders>
  <EnableTrendRecorders>false</EnableTrendRecorders>
  <IsOnlineFastAndSlowscanRecordViewClosed>false</IsOnlineFastAndSlowscanRecordViewClosed>
  <RecordEntries>
    <RecordEntryObjects>
      <FaultNumber>1</FaultNumber>
      <StartTimeStamp>2025-06-18T14:30:22.037</StartTimeStamp>
      <EndTimeStamp>0001-01-01T00:00:00</EndTimeStamp>
      <CommandTriggered>false</CommandTriggered>
      <RecordEntryUniqueID>1_186202514302237</RecordEntryUniqueID>
      <RecordState>Downloaded</RecordState>
      <RecordSize>0</RecordSize>
      <IsTestFault>false</IsTestFault>
      <RecordFileTable>
        <RecordFileValueTableEntry>
          <FileName>/dynfs/hd2/rcd/rcda/FRA00001.smv</FileName>
          <FileSize>91769</FileSize>
          <FileType>smv</FileType>
        </RecordFileValueTableEntry>
        <RecordFileValueTableEntry>
          <FileName>/dynfs/hd2/rcd/rcda/FRA00001.pmv</FileName>
          <FileSize>1</FileSize>
          <FileType>pmv</FileType>
        </RecordFileValueTableEntry>
        <RecordFileValueTableEntry>
          <FileName>/dynfs/hd2/rcd/rcda/FRA00001.msg</FileName>
          <FileSize>233</FileSize>
          <FileType>msg</FileType>
        </RecordFileValueTableEntry>
        <RecordFileValueTableEntry>
          <FileName>/dynfs/hd2/rcd/rcda/FRA00001.mti</FileName>
          <FileSize>3910</FileSize>
          <FileType>mti</FileType>
        </RecordFileValueTableEntry>
      </RecordFileTable>
      <RecordAddress RecordId="0" />
      <RecorderProperty>
        <MaxRecordDuartion>0</MaxRecordDuartion>
        <PostTriggerTime>0</PostTriggerTime>
        <PreTriggerTime>0</PreTriggerTime>
        <SamplingRate>0</SamplingRate>
        <AveragingPeriod>0</AveragingPeriod>
        <Type>FastScanRecorder</Type>
        <DataFromDateTime>0001-01-01T00:00:00</DataFromDateTime>
        <DataToDateTime>0001-01-01T00:00:00</DataToDateTime>
      </RecorderProperty>
    </RecordEntryObjects>
    <RecordEntryObjects>
      <FaultNumber>2</FaultNumber>
      <StartTimeStamp>2025-06-18T14:31:26.63</StartTimeStamp>
      <EndTimeStamp>0001-01-01T00:00:00</EndTimeStamp>
      <CommandTriggered>false</CommandTriggered>
      <RecordEntryUniqueID>2_1862025143126630</RecordEntryUniqueID>
      <RecordState>Downloaded</RecordState>
      <RecordSize>0</RecordSize>
      <IsTestFault>false</IsTestFault>
      <RecordFileTable>
        <RecordFileValueTableEntry>
          <FileName>/dynfs/hd2/rcd/rcda/FRA00002.smv</FileName>
          <FileSize>359753</FileSize>
          <FileType>smv</FileType>
        </RecordFileValueTableEntry>
        <RecordFileValueTableEntry>
          <FileName>/dynfs/hd2/rcd/rcda/FRA00002.pmv</FileName>
          <FileSize>1</FileSize>
          <FileType>pmv</FileType>
        </RecordFileValueTableEntry>
        <RecordFileValueTableEntry>
          <FileName>/dynfs/hd2/rcd/rcda/FRA00002.msg</FileName>
          <FileSize>213</FileSize>
          <FileType>msg</FileType>
        </RecordFileValueTableEntry>
        <RecordFileValueTableEntry>
          <FileName>/dynfs/hd2/rcd/rcda/FRA00002.mti</FileName>
          <FileSize>3929</FileSize>
          <FileType>mti</FileType>
        </RecordFileValueTableEntry>
      </RecordFileTable>
      <RecordAddress RecordId="0" />
      <RecorderProperty>
        <MaxRecordDuartion>0</MaxRecordDuartion>
        <PostTriggerTime>0</PostTriggerTime>
        <PreTriggerTime>0</PreTriggerTime>
        <SamplingRate>0</SamplingRate>
        <AveragingPeriod>0</AveragingPeriod>
        <Type>FastScanRecorder</Type>
        <DataFromDateTime>0001-01-01T00:00:00</DataFromDateTime>
        <DataToDateTime>0001-01-01T00:00:00</DataToDateTime>
      </RecorderProperty>
    </RecordEntryObjects>
    <RecordEntryObjects>
      <FaultNumber>3</FaultNumber>
      <StartTimeStamp>2025-06-18T14:32:52.572</StartTimeStamp>
      <EndTimeStamp>0001-01-01T00:00:00</EndTimeStamp>
      <CommandTriggered>false</CommandTriggered>
      <RecordEntryUniqueID>3_1862025143252572</RecordEntryUniqueID>
      <RecordState>Downloaded</RecordState>
      <RecordSize>0</RecordSize>
      <IsTestFault>false</IsTestFault>
      <RecordFileTable>
        <RecordFileValueTableEntry>
          <FileName>/dynfs/hd2/rcd/rcda/FRA00003.smv</FileName>
          <FileSize>359969</FileSize>
          <FileType>smv</FileType>
        </RecordFileValueTableEntry>
        <RecordFileValueTableEntry>
          <FileName>/dynfs/hd2/rcd/rcda/FRA00003.pmv</FileName>
          <FileSize>1</FileSize>
          <FileType>pmv</FileType>
        </RecordFileValueTableEntry>
        <RecordFileValueTableEntry>
          <FileName>/dynfs/hd2/rcd/rcda/FRA00003.msg</FileName>
          <FileSize>303</FileSize>
          <FileType>msg</FileType>
        </RecordFileValueTableEntry>
        <RecordFileValueTableEntry>
          <FileName>/dynfs/hd2/rcd/rcda/FRA00003.mti</FileName>
          <FileSize>3929</FileSize>
          <FileType>mti</FileType>
        </RecordFileValueTableEntry>
      </RecordFileTable>
      <RecordAddress RecordId="0" />
      <RecorderProperty>
        <MaxRecordDuartion>0</MaxRecordDuartion>
        <PostTriggerTime>0</PostTriggerTime>
        <PreTriggerTime>0</PreTriggerTime>
        <SamplingRate>0</SamplingRate>
        <AveragingPeriod>0</AveragingPeriod>
        <Type>FastScanRecorder</Type>
        <DataFromDateTime>0001-01-01T00:00:00</DataFromDateTime>
        <DataToDateTime>0001-01-01T00:00:00</DataToDateTime>
      </RecorderProperty>
    </RecordEntryObjects>
    <RecordEntryObjects>
      <FaultNumber>1</FaultNumber>
      <StartTimeStamp>2025-06-19T06:47:19.101</StartTimeStamp>
      <EndTimeStamp>0001-01-01T00:00:00</EndTimeStamp>
      <CommandTriggered>false</CommandTriggered>
      <RecordEntryUniqueID>1_196202564719101</RecordEntryUniqueID>
      <RecordState>Downloaded</RecordState>
      <RecordSize>0</RecordSize>
      <IsTestFault>false</IsTestFault>
      <RecordFileTable>
        <RecordFileValueTableEntry>
          <FileName>/dynfs/hd2/rcd/rcda/FRA00001.smv</FileName>
          <FileSize>90437</FileSize>
          <FileType>smv</FileType>
        </RecordFileValueTableEntry>
        <RecordFileValueTableEntry>
          <FileName>/dynfs/hd2/rcd/rcda/FRA00001.pmv</FileName>
          <FileSize>1</FileSize>
          <FileType>pmv</FileType>
        </RecordFileValueTableEntry>
        <RecordFileValueTableEntry>
          <FileName>/dynfs/hd2/rcd/rcda/FRA00001.msg</FileName>
          <FileSize>233</FileSize>
          <FileType>msg</FileType>
        </RecordFileValueTableEntry>
        <RecordFileValueTableEntry>
          <FileName>/dynfs/hd2/rcd/rcda/FRA00001.mti</FileName>
          <FileSize>3929</FileSize>
          <FileType>mti</FileType>
        </RecordFileValueTableEntry>
      </RecordFileTable>
      <RecordAddress RecordId="0" />
      <RecorderProperty>
        <MaxRecordDuartion>0</MaxRecordDuartion>
        <PostTriggerTime>0</PostTriggerTime>
        <PreTriggerTime>0</PreTriggerTime>
        <SamplingRate>0</SamplingRate>
        <AveragingPeriod>0</AveragingPeriod>
        <Type>FastScanRecorder</Type>
        <DataFromDateTime>0001-01-01T00:00:00</DataFromDateTime>
        <DataToDateTime>0001-01-01T00:00:00</DataToDateTime>
      </RecorderProperty>
    </RecordEntryObjects>
    <RecordEntryObjects>
      <FaultNumber>2</FaultNumber>
      <StartTimeStamp>2025-06-19T06:48:34.873</StartTimeStamp>
      <EndTimeStamp>0001-01-01T00:00:00</EndTimeStamp>
      <CommandTriggered>false</CommandTriggered>
      <RecordEntryUniqueID>2_196202564834873</RecordEntryUniqueID>
      <RecordState>Downloaded</RecordState>
      <RecordSize>0</RecordSize>
      <IsTestFault>false</IsTestFault>
      <RecordFileTable>
        <RecordFileValueTableEntry>
          <FileName>/dynfs/hd2/rcd/rcda/FRA00002.smv</FileName>
          <FileSize>89861</FileSize>
          <FileType>smv</FileType>
        </RecordFileValueTableEntry>
        <RecordFileValueTableEntry>
          <FileName>/dynfs/hd2/rcd/rcda/FRA00002.pmv</FileName>
          <FileSize>1</FileSize>
          <FileType>pmv</FileType>
        </RecordFileValueTableEntry>
        <RecordFileValueTableEntry>
          <FileName>/dynfs/hd2/rcd/rcda/FRA00002.msg</FileName>
          <FileSize>323</FileSize>
          <FileType>msg</FileType>
        </RecordFileValueTableEntry>
        <RecordFileValueTableEntry>
          <FileName>/dynfs/hd2/rcd/rcda/FRA00002.mti</FileName>
          <FileSize>3929</FileSize>
          <FileType>mti</FileType>
        </RecordFileValueTableEntry>
      </RecordFileTable>
      <RecordAddress RecordId="0" />
      <RecorderProperty>
        <MaxRecordDuartion>0</MaxRecordDuartion>
        <PostTriggerTime>0</PostTriggerTime>
        <PreTriggerTime>0</PreTriggerTime>
        <SamplingRate>0</SamplingRate>
        <AveragingPeriod>0</AveragingPeriod>
        <Type>FastScanRecorder</Type>
        <DataFromDateTime>0001-01-01T00:00:00</DataFromDateTime>
        <DataToDateTime>0001-01-01T00:00:00</DataToDateTime>
      </RecorderProperty>
    </RecordEntryObjects>
    <RecordEntryObjects>
      <FaultNumber>3</FaultNumber>
      <StartTimeStamp>2025-06-19T06:49:28.224</StartTimeStamp>
      <EndTimeStamp>0001-01-01T00:00:00</EndTimeStamp>
      <CommandTriggered>false</CommandTriggered>
      <RecordEntryUniqueID>3_196202564928224</RecordEntryUniqueID>
      <RecordState>Downloaded</RecordState>
      <RecordSize>0</RecordSize>
      <IsTestFault>false</IsTestFault>
      <RecordFileTable>
        <RecordFileValueTableEntry>
          <FileName>/dynfs/hd2/rcd/rcda/FRA00003.smv</FileName>
          <FileSize>90509</FileSize>
          <FileType>smv</FileType>
        </RecordFileValueTableEntry>
        <RecordFileValueTableEntry>
          <FileName>/dynfs/hd2/rcd/rcda/FRA00003.pmv</FileName>
          <FileSize>1</FileSize>
          <FileType>pmv</FileType>
        </RecordFileValueTableEntry>
        <RecordFileValueTableEntry>
          <FileName>/dynfs/hd2/rcd/rcda/FRA00003.msg</FileName>
          <FileSize>233</FileSize>
          <FileType>msg</FileType>
        </RecordFileValueTableEntry>
        <RecordFileValueTableEntry>
          <FileName>/dynfs/hd2/rcd/rcda/FRA00003.mti</FileName>
          <FileSize>3929</FileSize>
          <FileType>mti</FileType>
        </RecordFileValueTableEntry>
      </RecordFileTable>
      <RecordAddress RecordId="0" />
      <RecorderProperty>
        <MaxRecordDuartion>0</MaxRecordDuartion>
        <PostTriggerTime>0</PostTriggerTime>
        <PreTriggerTime>0</PreTriggerTime>
        <SamplingRate>0</SamplingRate>
        <AveragingPeriod>0</AveragingPeriod>
        <Type>FastScanRecorder</Type>
        <DataFromDateTime>0001-01-01T00:00:00</DataFromDateTime>
        <DataToDateTime>0001-01-01T00:00:00</DataToDateTime>
      </RecorderProperty>
    </RecordEntryObjects>
    <RecordEntryObjects>
      <FaultNumber>4</FaultNumber>
      <StartTimeStamp>2025-06-19T06:53:34.564</StartTimeStamp>
      <EndTimeStamp>0001-01-01T00:00:00</EndTimeStamp>
      <CommandTriggered>false</CommandTriggered>
      <RecordEntryUniqueID>4_196202565334564</RecordEntryUniqueID>
      <RecordState>Downloaded</RecordState>
      <RecordSize>0</RecordSize>
      <IsTestFault>false</IsTestFault>
      <RecordFileTable>
        <RecordFileValueTableEntry>
          <FileName>/dynfs/hd2/rcd/rcda/FRA00004.smv</FileName>
          <FileSize>90149</FileSize>
          <FileType>smv</FileType>
        </RecordFileValueTableEntry>
        <RecordFileValueTableEntry>
          <FileName>/dynfs/hd2/rcd/rcda/FRA00004.pmv</FileName>
          <FileSize>1</FileSize>
          <FileType>pmv</FileType>
        </RecordFileValueTableEntry>
        <RecordFileValueTableEntry>
          <FileName>/dynfs/hd2/rcd/rcda/FRA00004.msg</FileName>
          <FileSize>323</FileSize>
          <FileType>msg</FileType>
        </RecordFileValueTableEntry>
        <RecordFileValueTableEntry>
          <FileName>/dynfs/hd2/rcd/rcda/FRA00004.mti</FileName>
          <FileSize>3910</FileSize>
          <FileType>mti</FileType>
        </RecordFileValueTableEntry>
      </RecordFileTable>
      <RecordAddress RecordId="0" />
      <RecorderProperty>
        <MaxRecordDuartion>0</MaxRecordDuartion>
        <PostTriggerTime>0</PostTriggerTime>
        <PreTriggerTime>0</PreTriggerTime>
        <SamplingRate>0</SamplingRate>
        <AveragingPeriod>0</AveragingPeriod>
        <Type>FastScanRecorder</Type>
        <DataFromDateTime>0001-01-01T00:00:00</DataFromDateTime>
        <DataToDateTime>0001-01-01T00:00:00</DataToDateTime>
      </RecorderProperty>
    </RecordEntryObjects>
    <RecordEntryObjects>
      <FaultNumber>5</FaultNumber>
      <StartTimeStamp>2025-06-19T06:54:50.686</StartTimeStamp>
      <EndTimeStamp>0001-01-01T00:00:00</EndTimeStamp>
      <CommandTriggered>false</CommandTriggered>
      <RecordEntryUniqueID>5_196202565450686</RecordEntryUniqueID>
      <RecordState>Downloaded</RecordState>
      <RecordSize>0</RecordSize>
      <IsTestFault>false</IsTestFault>
      <RecordFileTable>
        <RecordFileValueTableEntry>
          <FileName>/dynfs/hd2/rcd/rcda/FRA00005.smv</FileName>
          <FileSize>91157</FileSize>
          <FileType>smv</FileType>
        </RecordFileValueTableEntry>
        <RecordFileValueTableEntry>
          <FileName>/dynfs/hd2/rcd/rcda/FRA00005.pmv</FileName>
          <FileSize>1</FileSize>
          <FileType>pmv</FileType>
        </RecordFileValueTableEntry>
        <RecordFileValueTableEntry>
          <FileName>/dynfs/hd2/rcd/rcda/FRA00005.msg</FileName>
          <FileSize>233</FileSize>
          <FileType>msg</FileType>
        </RecordFileValueTableEntry>
        <RecordFileValueTableEntry>
          <FileName>/dynfs/hd2/rcd/rcda/FRA00005.mti</FileName>
          <FileSize>3929</FileSize>
          <FileType>mti</FileType>
        </RecordFileValueTableEntry>
      </RecordFileTable>
      <RecordAddress RecordId="0" />
      <RecorderProperty>
        <MaxRecordDuartion>0</MaxRecordDuartion>
        <PostTriggerTime>0</PostTriggerTime>
        <PreTriggerTime>0</PreTriggerTime>
        <SamplingRate>0</SamplingRate>
        <AveragingPeriod>0</AveragingPeriod>
        <Type>FastScanRecorder</Type>
        <DataFromDateTime>0001-01-01T00:00:00</DataFromDateTime>
        <DataToDateTime>0001-01-01T00:00:00</DataToDateTime>
      </RecorderProperty>
    </RecordEntryObjects>
    <RecordEntryObjects>
      <FaultNumber>6</FaultNumber>
      <StartTimeStamp>2025-06-19T06:55:53.796</StartTimeStamp>
      <EndTimeStamp>0001-01-01T00:00:00</EndTimeStamp>
      <CommandTriggered>false</CommandTriggered>
      <RecordEntryUniqueID>6_196202565553796</RecordEntryUniqueID>
      <RecordState>Downloaded</RecordState>
      <RecordSize>0</RecordSize>
      <IsTestFault>false</IsTestFault>
      <RecordFileTable>
        <RecordFileValueTableEntry>
          <FileName>/dynfs/hd2/rcd/rcda/FRA00006.smv</FileName>
          <FileSize>360005</FileSize>
          <FileType>smv</FileType>
        </RecordFileValueTableEntry>
        <RecordFileValueTableEntry>
          <FileName>/dynfs/hd2/rcd/rcda/FRA00006.pmv</FileName>
          <FileSize>1</FileSize>
          <FileType>pmv</FileType>
        </RecordFileValueTableEntry>
        <RecordFileValueTableEntry>
          <FileName>/dynfs/hd2/rcd/rcda/FRA00006.msg</FileName>
          <FileSize>303</FileSize>
          <FileType>msg</FileType>
        </RecordFileValueTableEntry>
        <RecordFileValueTableEntry>
          <FileName>/dynfs/hd2/rcd/rcda/FRA00006.mti</FileName>
          <FileSize>3912</FileSize>
          <FileType>mti</FileType>
        </RecordFileValueTableEntry>
      </RecordFileTable>
      <RecordAddress RecordId="0" />
      <RecorderProperty>
        <MaxRecordDuartion>0</MaxRecordDuartion>
        <PostTriggerTime>0</PostTriggerTime>
        <PreTriggerTime>0</PreTriggerTime>
        <SamplingRate>0</SamplingRate>
        <AveragingPeriod>0</AveragingPeriod>
        <Type>FastScanRecorder</Type>
        <DataFromDateTime>0001-01-01T00:00:00</DataFromDateTime>
        <DataToDateTime>0001-01-01T00:00:00</DataToDateTime>
      </RecorderProperty>
    </RecordEntryObjects>
    <RecordEntryObjects>
      <FaultNumber>7</FaultNumber>
      <StartTimeStamp>2025-06-19T06:58:10.061</StartTimeStamp>
      <EndTimeStamp>0001-01-01T00:00:00</EndTimeStamp>
      <CommandTriggered>false</CommandTriggered>
      <RecordEntryUniqueID>7_19620256581061</RecordEntryUniqueID>
      <RecordState>Downloaded</RecordState>
      <RecordSize>0</RecordSize>
      <IsTestFault>false</IsTestFault>
      <RecordFileTable>
        <RecordFileValueTableEntry>
          <FileName>/dynfs/hd2/rcd/rcda/FRA00007.smv</FileName>
          <FileSize>91085</FileSize>
          <FileType>smv</FileType>
        </RecordFileValueTableEntry>
        <RecordFileValueTableEntry>
          <FileName>/dynfs/hd2/rcd/rcda/FRA00007.pmv</FileName>
          <FileSize>1</FileSize>
          <FileType>pmv</FileType>
        </RecordFileValueTableEntry>
        <RecordFileValueTableEntry>
          <FileName>/dynfs/hd2/rcd/rcda/FRA00007.msg</FileName>
          <FileSize>233</FileSize>
          <FileType>msg</FileType>
        </RecordFileValueTableEntry>
        <RecordFileValueTableEntry>
          <FileName>/dynfs/hd2/rcd/rcda/FRA00007.mti</FileName>
          <FileSize>3929</FileSize>
          <FileType>mti</FileType>
        </RecordFileValueTableEntry>
      </RecordFileTable>
      <RecordAddress RecordId="0" />
      <RecorderProperty>
        <MaxRecordDuartion>0</MaxRecordDuartion>
        <PostTriggerTime>0</PostTriggerTime>
        <PreTriggerTime>0</PreTriggerTime>
        <SamplingRate>0</SamplingRate>
        <AveragingPeriod>0</AveragingPeriod>
        <Type>FastScanRecorder</Type>
        <DataFromDateTime>0001-01-01T00:00:00</DataFromDateTime>
        <DataToDateTime>0001-01-01T00:00:00</DataToDateTime>
      </RecorderProperty>
    </RecordEntryObjects>
    <RecordEntryObjects>
      <FaultNumber>8</FaultNumber>
      <StartTimeStamp>2025-06-19T06:59:40.511</StartTimeStamp>
      <EndTimeStamp>0001-01-01T00:00:00</EndTimeStamp>
      <CommandTriggered>false</CommandTriggered>
      <RecordEntryUniqueID>8_196202565940511</RecordEntryUniqueID>
      <RecordState>Downloaded</RecordState>
      <RecordSize>0</RecordSize>
      <IsTestFault>false</IsTestFault>
      <RecordFileTable>
        <RecordFileValueTableEntry>
          <FileName>/dynfs/hd2/rcd/rcda/FRA00008.smv</FileName>
          <FileSize>360797</FileSize>
          <FileType>smv</FileType>
        </RecordFileValueTableEntry>
        <RecordFileValueTableEntry>
          <FileName>/dynfs/hd2/rcd/rcda/FRA00008.pmv</FileName>
          <FileSize>1</FileSize>
          <FileType>pmv</FileType>
        </RecordFileValueTableEntry>
        <RecordFileValueTableEntry>
          <FileName>/dynfs/hd2/rcd/rcda/FRA00008.msg</FileName>
          <FileSize>303</FileSize>
          <FileType>msg</FileType>
        </RecordFileValueTableEntry>
        <RecordFileValueTableEntry>
          <FileName>/dynfs/hd2/rcd/rcda/FRA00008.mti</FileName>
          <FileSize>3930</FileSize>
          <FileType>mti</FileType>
        </RecordFileValueTableEntry>
      </RecordFileTable>
      <RecordAddress RecordId="0" />
      <RecorderProperty>
        <MaxRecordDuartion>0</MaxRecordDuartion>
        <PostTriggerTime>0</PostTriggerTime>
        <PreTriggerTime>0</PreTriggerTime>
        <SamplingRate>0</SamplingRate>
        <AveragingPeriod>0</AveragingPeriod>
        <Type>FastScanRecorder</Type>
        <DataFromDateTime>0001-01-01T00:00:00</DataFromDateTime>
        <DataToDateTime>0001-01-01T00:00:00</DataToDateTime>
      </RecorderProperty>
    </RecordEntryObjects>
    <RecordEntryObjects>
      <FaultNumber>9</FaultNumber>
      <StartTimeStamp>2025-06-19T07:00:28.164</StartTimeStamp>
      <EndTimeStamp>0001-01-01T00:00:00</EndTimeStamp>
      <CommandTriggered>false</CommandTriggered>
      <RecordEntryUniqueID>9_19620257028164</RecordEntryUniqueID>
      <RecordState>Downloaded</RecordState>
      <RecordSize>0</RecordSize>
      <IsTestFault>false</IsTestFault>
      <RecordFileTable>
        <RecordFileValueTableEntry>
          <FileName>/dynfs/hd2/rcd/rcda/FRA00009.smv</FileName>
          <FileSize>359789</FileSize>
          <FileType>smv</FileType>
        </RecordFileValueTableEntry>
        <RecordFileValueTableEntry>
          <FileName>/dynfs/hd2/rcd/rcda/FRA00009.pmv</FileName>
          <FileSize>1</FileSize>
          <FileType>pmv</FileType>
        </RecordFileValueTableEntry>
        <RecordFileValueTableEntry>
          <FileName>/dynfs/hd2/rcd/rcda/FRA00009.msg</FileName>
          <FileSize>283</FileSize>
          <FileType>msg</FileType>
        </RecordFileValueTableEntry>
        <RecordFileValueTableEntry>
          <FileName>/dynfs/hd2/rcd/rcda/FRA00009.mti</FileName>
          <FileSize>3929</FileSize>
          <FileType>mti</FileType>
        </RecordFileValueTableEntry>
      </RecordFileTable>
      <RecordAddress RecordId="0" />
      <RecorderProperty>
        <MaxRecordDuartion>0</MaxRecordDuartion>
        <PostTriggerTime>0</PostTriggerTime>
        <PreTriggerTime>0</PreTriggerTime>
        <SamplingRate>0</SamplingRate>
        <AveragingPeriod>0</AveragingPeriod>
        <Type>FastScanRecorder</Type>
        <DataFromDateTime>0001-01-01T00:00:00</DataFromDateTime>
        <DataToDateTime>0001-01-01T00:00:00</DataToDateTime>
      </RecorderProperty>
    </RecordEntryObjects>
    <RecordEntryObjects>
      <FaultNumber>12</FaultNumber>
      <StartTimeStamp>2025-06-19T07:03:23.89</StartTimeStamp>
      <EndTimeStamp>0001-01-01T00:00:00</EndTimeStamp>
      <CommandTriggered>false</CommandTriggered>
      <RecordEntryUniqueID>12_19620257323890</RecordEntryUniqueID>
      <RecordState>Downloaded</RecordState>
      <RecordSize>0</RecordSize>
      <IsTestFault>false</IsTestFault>
      <RecordFileTable>
        <RecordFileValueTableEntry>
          <FileName>/dynfs/hd2/rcd/rcda/FRA00012.smv</FileName>
          <FileSize>361157</FileSize>
          <FileType>smv</FileType>
        </RecordFileValueTableEntry>
        <RecordFileValueTableEntry>
          <FileName>/dynfs/hd2/rcd/rcda/FRA00012.pmv</FileName>
          <FileSize>1</FileSize>
          <FileType>pmv</FileType>
        </RecordFileValueTableEntry>
        <RecordFileValueTableEntry>
          <FileName>/dynfs/hd2/rcd/rcda/FRA00012.msg</FileName>
          <FileSize>303</FileSize>
          <FileType>msg</FileType>
        </RecordFileValueTableEntry>
        <RecordFileValueTableEntry>
          <FileName>/dynfs/hd2/rcd/rcda/FRA00012.mti</FileName>
          <FileSize>3931</FileSize>
          <FileType>mti</FileType>
        </RecordFileValueTableEntry>
      </RecordFileTable>
      <RecordAddress RecordId="0" />
      <RecorderProperty>
        <MaxRecordDuartion>0</MaxRecordDuartion>
        <PostTriggerTime>0</PostTriggerTime>
        <PreTriggerTime>0</PreTriggerTime>
        <SamplingRate>0</SamplingRate>
        <AveragingPeriod>0</AveragingPeriod>
        <Type>FastScanRecorder</Type>
        <DataFromDateTime>0001-01-01T00:00:00</DataFromDateTime>
        <DataToDateTime>0001-01-01T00:00:00</DataToDateTime>
      </RecorderProperty>
    </RecordEntryObjects>
    <RecordEntryObjects>
      <FaultNumber>14</FaultNumber>
      <StartTimeStamp>2025-06-19T07:08:44.086</StartTimeStamp>
      <EndTimeStamp>0001-01-01T00:00:00</EndTimeStamp>
      <CommandTriggered>false</CommandTriggered>
      <RecordEntryUniqueID>14_1962025784486</RecordEntryUniqueID>
      <RecordState>Downloaded</RecordState>
      <RecordSize>0</RecordSize>
      <IsTestFault>false</IsTestFault>
      <RecordFileTable>
        <RecordFileValueTableEntry>
          <FileName>/dynfs/hd2/rcd/rcda/FRA00014.smv</FileName>
          <FileSize>361085</FileSize>
          <FileType>smv</FileType>
        </RecordFileValueTableEntry>
        <RecordFileValueTableEntry>
          <FileName>/dynfs/hd2/rcd/rcda/FRA00014.pmv</FileName>
          <FileSize>1</FileSize>
          <FileType>pmv</FileType>
        </RecordFileValueTableEntry>
        <RecordFileValueTableEntry>
          <FileName>/dynfs/hd2/rcd/rcda/FRA00014.msg</FileName>
          <FileSize>338</FileSize>
          <FileType>msg</FileType>
        </RecordFileValueTableEntry>
        <RecordFileValueTableEntry>
          <FileName>/dynfs/hd2/rcd/rcda/FRA00014.mti</FileName>
          <FileSize>3912</FileSize>
          <FileType>mti</FileType>
        </RecordFileValueTableEntry>
      </RecordFileTable>
      <RecordAddress RecordId="0" />
      <RecorderProperty>
        <MaxRecordDuartion>0</MaxRecordDuartion>
        <PostTriggerTime>0</PostTriggerTime>
        <PreTriggerTime>0</PreTriggerTime>
        <SamplingRate>0</SamplingRate>
        <AveragingPeriod>0</AveragingPeriod>
        <Type>FastScanRecorder</Type>
        <DataFromDateTime>0001-01-01T00:00:00</DataFromDateTime>
        <DataToDateTime>0001-01-01T00:00:00</DataToDateTime>
      </RecorderProperty>
    </RecordEntryObjects>
    <RecordEntryObjects>
      <FaultNumber>18</FaultNumber>
      <StartTimeStamp>2025-06-19T07:13:14.384</StartTimeStamp>
      <EndTimeStamp>0001-01-01T00:00:00</EndTimeStamp>
      <CommandTriggered>false</CommandTriggered>
      <RecordEntryUniqueID>18_196202571314384</RecordEntryUniqueID>
      <RecordState>Downloaded</RecordState>
      <RecordSize>0</RecordSize>
      <IsTestFault>false</IsTestFault>
      <RecordFileTable>
        <RecordFileValueTableEntry>
          <FileName>/dynfs/hd2/rcd/rcda/FRA00018.smv</FileName>
          <FileSize>360869</FileSize>
          <FileType>smv</FileType>
        </RecordFileValueTableEntry>
        <RecordFileValueTableEntry>
          <FileName>/dynfs/hd2/rcd/rcda/FRA00018.pmv</FileName>
          <FileSize>1</FileSize>
          <FileType>pmv</FileType>
        </RecordFileValueTableEntry>
        <RecordFileValueTableEntry>
          <FileName>/dynfs/hd2/rcd/rcda/FRA00018.msg</FileName>
          <FileSize>338</FileSize>
          <FileType>msg</FileType>
        </RecordFileValueTableEntry>
        <RecordFileValueTableEntry>
          <FileName>/dynfs/hd2/rcd/rcda/FRA00018.mti</FileName>
          <FileSize>3912</FileSize>
          <FileType>mti</FileType>
        </RecordFileValueTableEntry>
      </RecordFileTable>
      <RecordAddress RecordId="0" />
      <RecorderProperty>
        <MaxRecordDuartion>0</MaxRecordDuartion>
        <PostTriggerTime>0</PostTriggerTime>
        <PreTriggerTime>0</PreTriggerTime>
        <SamplingRate>0</SamplingRate>
        <AveragingPeriod>0</AveragingPeriod>
        <Type>FastScanRecorder</Type>
        <DataFromDateTime>0001-01-01T00:00:00</DataFromDateTime>
        <DataToDateTime>0001-01-01T00:00:00</DataToDateTime>
      </RecorderProperty>
    </RecordEntryObjects>
    <RecordEntryObjects>
      <FaultNumber>19</FaultNumber>
      <StartTimeStamp>2025-06-19T08:07:44.301</StartTimeStamp>
      <EndTimeStamp>0001-01-01T00:00:00</EndTimeStamp>
      <CommandTriggered>false</CommandTriggered>
      <RecordEntryUniqueID>19_19620258744301</RecordEntryUniqueID>
      <RecordState>Downloaded</RecordState>
      <RecordSize>0</RecordSize>
      <IsTestFault>false</IsTestFault>
      <RecordFileTable>
        <RecordFileValueTableEntry>
          <FileName>/dynfs/hd2/rcd/rcda/FRA00019.smv</FileName>
          <FileSize>91445</FileSize>
          <FileType>smv</FileType>
        </RecordFileValueTableEntry>
        <RecordFileValueTableEntry>
          <FileName>/dynfs/hd2/rcd/rcda/FRA00019.pmv</FileName>
          <FileSize>1</FileSize>
          <FileType>pmv</FileType>
        </RecordFileValueTableEntry>
        <RecordFileValueTableEntry>
          <FileName>/dynfs/hd2/rcd/rcda/FRA00019.msg</FileName>
          <FileSize>358</FileSize>
          <FileType>msg</FileType>
        </RecordFileValueTableEntry>
        <RecordFileValueTableEntry>
          <FileName>/dynfs/hd2/rcd/rcda/FRA00019.mti</FileName>
          <FileSize>3911</FileSize>
          <FileType>mti</FileType>
        </RecordFileValueTableEntry>
      </RecordFileTable>
      <RecordAddress RecordId="0" />
      <RecorderProperty>
        <MaxRecordDuartion>0</MaxRecordDuartion>
        <PostTriggerTime>0</PostTriggerTime>
        <PreTriggerTime>0</PreTriggerTime>
        <SamplingRate>0</SamplingRate>
        <AveragingPeriod>0</AveragingPeriod>
        <Type>FastScanRecorder</Type>
        <DataFromDateTime>0001-01-01T00:00:00</DataFromDateTime>
        <DataToDateTime>0001-01-01T00:00:00</DataToDateTime>
      </RecorderProperty>
    </RecordEntryObjects>
    <RecordEntryObjects>
      <FaultNumber>20</FaultNumber>
      <StartTimeStamp>2025-06-19T08:09:59.944</StartTimeStamp>
      <EndTimeStamp>0001-01-01T00:00:00</EndTimeStamp>
      <CommandTriggered>false</CommandTriggered>
      <RecordEntryUniqueID>20_19620258959944</RecordEntryUniqueID>
      <RecordState>Downloaded</RecordState>
      <RecordSize>0</RecordSize>
      <IsTestFault>false</IsTestFault>
      <RecordFileTable>
        <RecordFileValueTableEntry>
          <FileName>/dynfs/hd2/rcd/rcda/FRA00020.smv</FileName>
          <FileSize>91949</FileSize>
          <FileType>smv</FileType>
        </RecordFileValueTableEntry>
        <RecordFileValueTableEntry>
          <FileName>/dynfs/hd2/rcd/rcda/FRA00020.pmv</FileName>
          <FileSize>1</FileSize>
          <FileType>pmv</FileType>
        </RecordFileValueTableEntry>
        <RecordFileValueTableEntry>
          <FileName>/dynfs/hd2/rcd/rcda/FRA00020.msg</FileName>
          <FileSize>233</FileSize>
          <FileType>msg</FileType>
        </RecordFileValueTableEntry>
        <RecordFileValueTableEntry>
          <FileName>/dynfs/hd2/rcd/rcda/FRA00020.mti</FileName>
          <FileSize>3911</FileSize>
          <FileType>mti</FileType>
        </RecordFileValueTableEntry>
      </RecordFileTable>
      <RecordAddress RecordId="0" />
      <RecorderProperty>
        <MaxRecordDuartion>0</MaxRecordDuartion>
        <PostTriggerTime>0</PostTriggerTime>
        <PreTriggerTime>0</PreTriggerTime>
        <SamplingRate>0</SamplingRate>
        <AveragingPeriod>0</AveragingPeriod>
        <Type>FastScanRecorder</Type>
        <DataFromDateTime>0001-01-01T00:00:00</DataFromDateTime>
        <DataToDateTime>0001-01-01T00:00:00</DataToDateTime>
      </RecorderProperty>
    </RecordEntryObjects>
    <RecordEntryObjects>
      <FaultNumber>21</FaultNumber>
      <StartTimeStamp>2025-06-19T08:16:02.869</StartTimeStamp>
      <EndTimeStamp>0001-01-01T00:00:00</EndTimeStamp>
      <CommandTriggered>false</CommandTriggered>
      <RecordEntryUniqueID>21_19620258162869</RecordEntryUniqueID>
      <RecordState>Downloaded</RecordState>
      <RecordSize>0</RecordSize>
      <IsTestFault>false</IsTestFault>
      <RecordFileTable>
        <RecordFileValueTableEntry>
          <FileName>/dynfs/hd2/rcd/rcda/FRA00021.smv</FileName>
          <FileSize>91949</FileSize>
          <FileType>smv</FileType>
        </RecordFileValueTableEntry>
        <RecordFileValueTableEntry>
          <FileName>/dynfs/hd2/rcd/rcda/FRA00021.pmv</FileName>
          <FileSize>1</FileSize>
          <FileType>pmv</FileType>
        </RecordFileValueTableEntry>
        <RecordFileValueTableEntry>
          <FileName>/dynfs/hd2/rcd/rcda/FRA00021.msg</FileName>
          <FileSize>268</FileSize>
          <FileType>msg</FileType>
        </RecordFileValueTableEntry>
        <RecordFileValueTableEntry>
          <FileName>/dynfs/hd2/rcd/rcda/FRA00021.mti</FileName>
          <FileSize>3930</FileSize>
          <FileType>mti</FileType>
        </RecordFileValueTableEntry>
      </RecordFileTable>
      <RecordAddress RecordId="0" />
      <RecorderProperty>
        <MaxRecordDuartion>0</MaxRecordDuartion>
        <PostTriggerTime>0</PostTriggerTime>
        <PreTriggerTime>0</PreTriggerTime>
        <SamplingRate>0</SamplingRate>
        <AveragingPeriod>0</AveragingPeriod>
        <Type>FastScanRecorder</Type>
        <DataFromDateTime>0001-01-01T00:00:00</DataFromDateTime>
        <DataToDateTime>0001-01-01T00:00:00</DataToDateTime>
      </RecorderProperty>
    </RecordEntryObjects>
    <RecordEntryObjects>
      <FaultNumber>22</FaultNumber>
      <StartTimeStamp>2025-06-19T08:17:14.991</StartTimeStamp>
      <EndTimeStamp>0001-01-01T00:00:00</EndTimeStamp>
      <CommandTriggered>false</CommandTriggered>
      <RecordEntryUniqueID>22_196202581714991</RecordEntryUniqueID>
      <RecordState>Downloaded</RecordState>
      <RecordSize>0</RecordSize>
      <IsTestFault>false</IsTestFault>
      <RecordFileTable>
        <RecordFileValueTableEntry>
          <FileName>/dynfs/hd2/rcd/rcda/FRA00022.smv</FileName>
          <FileSize>91445</FileSize>
          <FileType>smv</FileType>
        </RecordFileValueTableEntry>
        <RecordFileValueTableEntry>
          <FileName>/dynfs/hd2/rcd/rcda/FRA00022.pmv</FileName>
          <FileSize>1</FileSize>
          <FileType>pmv</FileType>
        </RecordFileValueTableEntry>
        <RecordFileValueTableEntry>
          <FileName>/dynfs/hd2/rcd/rcda/FRA00022.msg</FileName>
          <FileSize>358</FileSize>
          <FileType>msg</FileType>
        </RecordFileValueTableEntry>
        <RecordFileValueTableEntry>
          <FileName>/dynfs/hd2/rcd/rcda/FRA00022.mti</FileName>
          <FileSize>3930</FileSize>
          <FileType>mti</FileType>
        </RecordFileValueTableEntry>
      </RecordFileTable>
      <RecordAddress RecordId="0" />
      <RecorderProperty>
        <MaxRecordDuartion>0</MaxRecordDuartion>
        <PostTriggerTime>0</PostTriggerTime>
        <PreTriggerTime>0</PreTriggerTime>
        <SamplingRate>0</SamplingRate>
        <AveragingPeriod>0</AveragingPeriod>
        <Type>FastScanRecorder</Type>
        <DataFromDateTime>0001-01-01T00:00:00</DataFromDateTime>
        <DataToDateTime>0001-01-01T00:00:00</DataToDateTime>
      </RecorderProperty>
    </RecordEntryObjects>
    <RecordEntryObjects>
      <FaultNumber>16</FaultNumber>
      <StartTimeStamp>2025-06-20T07:51:24.828</StartTimeStamp>
      <EndTimeStamp>0001-01-01T00:00:00</EndTimeStamp>
      <CommandTriggered>false</CommandTriggered>
      <RecordEntryUniqueID>16_206202575124828</RecordEntryUniqueID>
      <RecordState>Downloaded</RecordState>
      <RecordSize>0</RecordSize>
      <IsTestFault>false</IsTestFault>
      <RecordFileTable>
        <RecordFileValueTableEntry>
          <FileName>/dynfs/hd2/rcd/rcda/FRA00016.smv</FileName>
          <FileSize>73985</FileSize>
          <FileType>smv</FileType>
        </RecordFileValueTableEntry>
        <RecordFileValueTableEntry>
          <FileName>/dynfs/hd2/rcd/rcda/FRA00016.pmv</FileName>
          <FileSize>1</FileSize>
          <FileType>pmv</FileType>
        </RecordFileValueTableEntry>
        <RecordFileValueTableEntry>
          <FileName>/dynfs/hd2/rcd/rcda/FRA00016.msg</FileName>
          <FileSize>233</FileSize>
          <FileType>msg</FileType>
        </RecordFileValueTableEntry>
        <RecordFileValueTableEntry>
          <FileName>/dynfs/hd2/rcd/rcda/FRA00016.mti</FileName>
          <FileSize>3928</FileSize>
          <FileType>mti</FileType>
        </RecordFileValueTableEntry>
      </RecordFileTable>
      <RecordAddress RecordId="0" />
      <RecorderProperty>
        <MaxRecordDuartion>0</MaxRecordDuartion>
        <PostTriggerTime>0</PostTriggerTime>
        <PreTriggerTime>0</PreTriggerTime>
        <SamplingRate>0</SamplingRate>
        <AveragingPeriod>0</AveragingPeriod>
        <Type>FastScanRecorder</Type>
        <DataFromDateTime>0001-01-01T00:00:00</DataFromDateTime>
        <DataToDateTime>0001-01-01T00:00:00</DataToDateTime>
      </RecorderProperty>
    </RecordEntryObjects>
    <RecordEntryObjects>
      <FaultNumber>17</FaultNumber>
      <StartTimeStamp>2025-06-20T07:51:43.983</StartTimeStamp>
      <EndTimeStamp>0001-01-01T00:00:00</EndTimeStamp>
      <CommandTriggered>false</CommandTriggered>
      <RecordEntryUniqueID>17_206202575143983</RecordEntryUniqueID>
      <RecordState>Downloaded</RecordState>
      <RecordSize>0</RecordSize>
      <IsTestFault>false</IsTestFault>
      <RecordFileTable>
        <RecordFileValueTableEntry>
          <FileName>/dynfs/hd2/rcd/rcda/FRA00017.smv</FileName>
          <FileSize>193505</FileSize>
          <FileType>smv</FileType>
        </RecordFileValueTableEntry>
        <RecordFileValueTableEntry>
          <FileName>/dynfs/hd2/rcd/rcda/FRA00017.pmv</FileName>
          <FileSize>1</FileSize>
          <FileType>pmv</FileType>
        </RecordFileValueTableEntry>
        <RecordFileValueTableEntry>
          <FileName>/dynfs/hd2/rcd/rcda/FRA00017.msg</FileName>
          <FileSize>283</FileSize>
          <FileType>msg</FileType>
        </RecordFileValueTableEntry>
        <RecordFileValueTableEntry>
          <FileName>/dynfs/hd2/rcd/rcda/FRA00017.mti</FileName>
          <FileSize>3911</FileSize>
          <FileType>mti</FileType>
        </RecordFileValueTableEntry>
      </RecordFileTable>
      <RecordAddress RecordId="0" />
      <RecorderProperty>
        <MaxRecordDuartion>0</MaxRecordDuartion>
        <PostTriggerTime>0</PostTriggerTime>
        <PreTriggerTime>0</PreTriggerTime>
        <SamplingRate>0</SamplingRate>
        <AveragingPeriod>0</AveragingPeriod>
        <Type>FastScanRecorder</Type>
        <DataFromDateTime>0001-01-01T00:00:00</DataFromDateTime>
        <DataToDateTime>0001-01-01T00:00:00</DataToDateTime>
      </RecorderProperty>
    </RecordEntryObjects>
    <RecordEntryObjects>
      <FaultNumber>46</FaultNumber>
      <StartTimeStamp>2025-06-20T13:19:18.432</StartTimeStamp>
      <EndTimeStamp>0001-01-01T00:00:00</EndTimeStamp>
      <CommandTriggered>false</CommandTriggered>
      <RecordEntryUniqueID>46_2062025131918432</RecordEntryUniqueID>
      <RecordState>Downloaded</RecordState>
      <RecordSize>0</RecordSize>
      <IsTestFault>false</IsTestFault>
      <RecordFileTable>
        <RecordFileValueTableEntry>
          <FileName>/dynfs/hd2/rcd/rcda/FRA00046.smv</FileName>
          <FileSize>108293</FileSize>
          <FileType>smv</FileType>
        </RecordFileValueTableEntry>
        <RecordFileValueTableEntry>
          <FileName>/dynfs/hd2/rcd/rcda/FRA00046.pmv</FileName>
          <FileSize>1</FileSize>
          <FileType>pmv</FileType>
        </RecordFileValueTableEntry>
        <RecordFileValueTableEntry>
          <FileName>/dynfs/hd2/rcd/rcda/FRA00046.msg</FileName>
          <FileSize>263</FileSize>
          <FileType>msg</FileType>
        </RecordFileValueTableEntry>
        <RecordFileValueTableEntry>
          <FileName>/dynfs/hd2/rcd/rcda/FRA00046.mti</FileName>
          <FileSize>3930</FileSize>
          <FileType>mti</FileType>
        </RecordFileValueTableEntry>
      </RecordFileTable>
      <RecordAddress RecordId="0" />
      <RecorderProperty>
        <MaxRecordDuartion>0</MaxRecordDuartion>
        <PostTriggerTime>0</PostTriggerTime>
        <PreTriggerTime>0</PreTriggerTime>
        <SamplingRate>0</SamplingRate>
        <AveragingPeriod>0</AveragingPeriod>
        <Type>FastScanRecorder</Type>
        <DataFromDateTime>0001-01-01T00:00:00</DataFromDateTime>
        <DataToDateTime>0001-01-01T00:00:00</DataToDateTime>
      </RecorderProperty>
    </RecordEntryObjects>
    <RecordEntryObjects>
      <FaultNumber>47</FaultNumber>
      <StartTimeStamp>2025-06-20T13:21:45.644</StartTimeStamp>
      <EndTimeStamp>0001-01-01T00:00:00</EndTimeStamp>
      <CommandTriggered>false</CommandTriggered>
      <RecordEntryUniqueID>47_2062025132145644</RecordEntryUniqueID>
      <RecordState>Downloaded</RecordState>
      <RecordSize>0</RecordSize>
      <IsTestFault>false</IsTestFault>
      <RecordFileTable>
        <RecordFileValueTableEntry>
          <FileName>/dynfs/hd2/rcd/rcda/FRA00047.smv</FileName>
          <FileSize>108437</FileSize>
          <FileType>smv</FileType>
        </RecordFileValueTableEntry>
        <RecordFileValueTableEntry>
          <FileName>/dynfs/hd2/rcd/rcda/FRA00047.pmv</FileName>
          <FileSize>1</FileSize>
          <FileType>pmv</FileType>
        </RecordFileValueTableEntry>
        <RecordFileValueTableEntry>
          <FileName>/dynfs/hd2/rcd/rcda/FRA00047.msg</FileName>
          <FileSize>353</FileSize>
          <FileType>msg</FileType>
        </RecordFileValueTableEntry>
        <RecordFileValueTableEntry>
          <FileName>/dynfs/hd2/rcd/rcda/FRA00047.mti</FileName>
          <FileSize>3930</FileSize>
          <FileType>mti</FileType>
        </RecordFileValueTableEntry>
      </RecordFileTable>
      <RecordAddress RecordId="0" />
      <RecorderProperty>
        <MaxRecordDuartion>0</MaxRecordDuartion>
        <PostTriggerTime>0</PostTriggerTime>
        <PreTriggerTime>0</PreTriggerTime>
        <SamplingRate>0</SamplingRate>
        <AveragingPeriod>0</AveragingPeriod>
        <Type>FastScanRecorder</Type>
        <DataFromDateTime>0001-01-01T00:00:00</DataFromDateTime>
        <DataToDateTime>0001-01-01T00:00:00</DataToDateTime>
      </RecorderProperty>
    </RecordEntryObjects>
    <RecordEntryObjects>
      <FaultNumber>1</FaultNumber>
      <StartTimeStamp>2025-06-23T06:41:28.333</StartTimeStamp>
      <EndTimeStamp>0001-01-01T00:00:00</EndTimeStamp>
      <CommandTriggered>false</CommandTriggered>
      <RecordEntryUniqueID>1_236202564128333</RecordEntryUniqueID>
      <RecordState>Downloaded</RecordState>
      <RecordSize>0</RecordSize>
      <IsTestFault>false</IsTestFault>
      <RecordFileTable>
        <RecordFileValueTableEntry>
          <FileName>/dynfs/hd2/rcd/rcda/FRA00001.smv</FileName>
          <FileSize>108005</FileSize>
          <FileType>smv</FileType>
        </RecordFileValueTableEntry>
        <RecordFileValueTableEntry>
          <FileName>/dynfs/hd2/rcd/rcda/FRA00001.pmv</FileName>
          <FileSize>1</FileSize>
          <FileType>pmv</FileType>
        </RecordFileValueTableEntry>
        <RecordFileValueTableEntry>
          <FileName>/dynfs/hd2/rcd/rcda/FRA00001.msg</FileName>
          <FileSize>263</FileSize>
          <FileType>msg</FileType>
        </RecordFileValueTableEntry>
        <RecordFileValueTableEntry>
          <FileName>/dynfs/hd2/rcd/rcda/FRA00001.mti</FileName>
          <FileSize>3929</FileSize>
          <FileType>mti</FileType>
        </RecordFileValueTableEntry>
        <RecordFileValueTableEntry>
          <FileName>1_236202564128333_FRA00001.cfg</FileName>
          <FileType>cfg</FileType>
        </RecordFileValueTableEntry>
        <RecordFileValueTableEntry>
          <FileName>1_236202564128333_FRA00001.dat</FileName>
          <FileType>dat</FileType>
        </RecordFileValueTableEntry>
      </RecordFileTable>
      <RecordAddress RecordId="0" />
      <RecorderProperty>
        <MaxRecordDuartion>0</MaxRecordDuartion>
        <PostTriggerTime>0</PostTriggerTime>
        <PreTriggerTime>0</PreTriggerTime>
        <SamplingRate>0</SamplingRate>
        <AveragingPeriod>0</AveragingPeriod>
        <Type>FastScanRecorder</Type>
        <DataFromDateTime>0001-01-01T00:00:00</DataFromDateTime>
        <DataToDateTime>0001-01-01T00:00:00</DataToDateTime>
      </RecorderProperty>
    </RecordEntryObjects>
    <RecordEntryObjects>
      <FaultNumber>2</FaultNumber>
      <StartTimeStamp>2025-06-23T06:42:21.111</StartTimeStamp>
      <EndTimeStamp>0001-01-01T00:00:00</EndTimeStamp>
      <CommandTriggered>false</CommandTriggered>
      <RecordEntryUniqueID>2_236202564221111</RecordEntryUniqueID>
      <RecordState>Downloaded</RecordState>
      <RecordSize>0</RecordSize>
      <IsTestFault>false</IsTestFault>
      <RecordFileTable>
        <RecordFileValueTableEntry>
          <FileName>/dynfs/hd2/rcd/rcda/FRA00002.smv</FileName>
          <FileSize>108869</FileSize>
          <FileType>smv</FileType>
        </RecordFileValueTableEntry>
        <RecordFileValueTableEntry>
          <FileName>/dynfs/hd2/rcd/rcda/FRA00002.pmv</FileName>
          <FileSize>1</FileSize>
          <FileType>pmv</FileType>
        </RecordFileValueTableEntry>
        <RecordFileValueTableEntry>
          <FileName>/dynfs/hd2/rcd/rcda/FRA00002.msg</FileName>
          <FileSize>263</FileSize>
          <FileType>msg</FileType>
        </RecordFileValueTableEntry>
        <RecordFileValueTableEntry>
          <FileName>/dynfs/hd2/rcd/rcda/FRA00002.mti</FileName>
          <FileSize>3892</FileSize>
          <FileType>mti</FileType>
        </RecordFileValueTableEntry>
        <RecordFileValueTableEntry>
          <FileName>2_236202564221111_FRA00002.cfg</FileName>
          <FileType>cfg</FileType>
        </RecordFileValueTableEntry>
        <RecordFileValueTableEntry>
          <FileName>2_236202564221111_FRA00002.dat</FileName>
          <FileType>dat</FileType>
        </RecordFileValueTableEntry>
      </RecordFileTable>
      <RecordAddress RecordId="0" />
      <RecorderProperty>
        <MaxRecordDuartion>0</MaxRecordDuartion>
        <PostTriggerTime>0</PostTriggerTime>
        <PreTriggerTime>0</PreTriggerTime>
        <SamplingRate>0</SamplingRate>
        <AveragingPeriod>0</AveragingPeriod>
        <Type>FastScanRecorder</Type>
        <DataFromDateTime>0001-01-01T00:00:00</DataFromDateTime>
        <DataToDateTime>0001-01-01T00:00:00</DataToDateTime>
      </RecorderProperty>
    </RecordEntryObjects>
    <RecordEntryObjects>
      <FaultNumber>3</FaultNumber>
      <StartTimeStamp>2025-06-23T06:43:30.453</StartTimeStamp>
      <EndTimeStamp>0001-01-01T00:00:00</EndTimeStamp>
      <CommandTriggered>false</CommandTriggered>
      <RecordEntryUniqueID>3_236202564330453</RecordEntryUniqueID>
      <RecordState>Downloaded</RecordState>
      <RecordSize>0</RecordSize>
      <IsTestFault>false</IsTestFault>
      <RecordFileTable>
        <RecordFileValueTableEntry>
          <FileName>/dynfs/hd2/rcd/rcda/FRA00003.smv</FileName>
          <FileSize>109157</FileSize>
          <FileType>smv</FileType>
        </RecordFileValueTableEntry>
        <RecordFileValueTableEntry>
          <FileName>/dynfs/hd2/rcd/rcda/FRA00003.pmv</FileName>
          <FileSize>1</FileSize>
          <FileType>pmv</FileType>
        </RecordFileValueTableEntry>
        <RecordFileValueTableEntry>
          <FileName>/dynfs/hd2/rcd/rcda/FRA00003.msg</FileName>
          <FileSize>263</FileSize>
          <FileType>msg</FileType>
        </RecordFileValueTableEntry>
        <RecordFileValueTableEntry>
          <FileName>/dynfs/hd2/rcd/rcda/FRA00003.mti</FileName>
          <FileSize>3929</FileSize>
          <FileType>mti</FileType>
        </RecordFileValueTableEntry>
        <RecordFileValueTableEntry>
          <FileName>3_236202564330453_FRA00003.cfg</FileName>
          <FileType>cfg</FileType>
        </RecordFileValueTableEntry>
        <RecordFileValueTableEntry>
          <FileName>3_236202564330453_FRA00003.dat</FileName>
          <FileType>dat</FileType>
        </RecordFileValueTableEntry>
      </RecordFileTable>
      <RecordAddress RecordId="0" />
      <RecorderProperty>
        <MaxRecordDuartion>0</MaxRecordDuartion>
        <PostTriggerTime>0</PostTriggerTime>
        <PreTriggerTime>0</PreTriggerTime>
        <SamplingRate>0</SamplingRate>
        <AveragingPeriod>0</AveragingPeriod>
        <Type>FastScanRecorder</Type>
        <DataFromDateTime>0001-01-01T00:00:00</DataFromDateTime>
        <DataToDateTime>0001-01-01T00:00:00</DataToDateTime>
      </RecorderProperty>
    </RecordEntryObjects>
    <RecordEntryObjects>
      <FaultNumber>4</FaultNumber>
      <StartTimeStamp>2025-06-23T06:45:39.195</StartTimeStamp>
      <EndTimeStamp>0001-01-01T00:00:00</EndTimeStamp>
      <CommandTriggered>false</CommandTriggered>
      <RecordEntryUniqueID>4_236202564539195</RecordEntryUniqueID>
      <RecordState>Downloaded</RecordState>
      <RecordSize>0</RecordSize>
      <IsTestFault>false</IsTestFault>
      <RecordFileTable>
        <RecordFileValueTableEntry>
          <FileName>/dynfs/hd2/rcd/rcda/FRA00004.smv</FileName>
          <FileSize>108293</FileSize>
          <FileType>smv</FileType>
        </RecordFileValueTableEntry>
        <RecordFileValueTableEntry>
          <FileName>/dynfs/hd2/rcd/rcda/FRA00004.pmv</FileName>
          <FileSize>1</FileSize>
          <FileType>pmv</FileType>
        </RecordFileValueTableEntry>
        <RecordFileValueTableEntry>
          <FileName>/dynfs/hd2/rcd/rcda/FRA00004.msg</FileName>
          <FileSize>263</FileSize>
          <FileType>msg</FileType>
        </RecordFileValueTableEntry>
        <RecordFileValueTableEntry>
          <FileName>/dynfs/hd2/rcd/rcda/FRA00004.mti</FileName>
          <FileSize>3929</FileSize>
          <FileType>mti</FileType>
        </RecordFileValueTableEntry>
        <RecordFileValueTableEntry>
          <FileName>4_236202564539195_FRA00004.cfg</FileName>
          <FileType>cfg</FileType>
        </RecordFileValueTableEntry>
        <RecordFileValueTableEntry>
          <FileName>4_236202564539195_FRA00004.dat</FileName>
          <FileType>dat</FileType>
        </RecordFileValueTableEntry>
      </RecordFileTable>
      <RecordAddress RecordId="0" />
      <RecorderProperty>
        <MaxRecordDuartion>0</MaxRecordDuartion>
        <PostTriggerTime>0</PostTriggerTime>
        <PreTriggerTime>0</PreTriggerTime>
        <SamplingRate>0</SamplingRate>
        <AveragingPeriod>0</AveragingPeriod>
        <Type>FastScanRecorder</Type>
        <DataFromDateTime>0001-01-01T00:00:00</DataFromDateTime>
        <DataToDateTime>0001-01-01T00:00:00</DataToDateTime>
      </RecorderProperty>
    </RecordEntryObjects>
    <RecordEntryObjects>
      <FaultNumber>5</FaultNumber>
      <StartTimeStamp>2025-06-23T06:46:13.833</StartTimeStamp>
      <EndTimeStamp>0001-01-01T00:00:00</EndTimeStamp>
      <CommandTriggered>false</CommandTriggered>
      <RecordEntryUniqueID>5_236202564613833</RecordEntryUniqueID>
      <RecordState>Downloaded</RecordState>
      <RecordSize>0</RecordSize>
      <IsTestFault>false</IsTestFault>
      <RecordFileTable>
        <RecordFileValueTableEntry>
          <FileName>/dynfs/hd2/rcd/rcda/FRA00005.smv</FileName>
          <FileSize>109157</FileSize>
          <FileType>smv</FileType>
        </RecordFileValueTableEntry>
        <RecordFileValueTableEntry>
          <FileName>/dynfs/hd2/rcd/rcda/FRA00005.pmv</FileName>
          <FileSize>1</FileSize>
          <FileType>pmv</FileType>
        </RecordFileValueTableEntry>
        <RecordFileValueTableEntry>
          <FileName>/dynfs/hd2/rcd/rcda/FRA00005.msg</FileName>
          <FileSize>263</FileSize>
          <FileType>msg</FileType>
        </RecordFileValueTableEntry>
        <RecordFileValueTableEntry>
          <FileName>/dynfs/hd2/rcd/rcda/FRA00005.mti</FileName>
          <FileSize>3929</FileSize>
          <FileType>mti</FileType>
        </RecordFileValueTableEntry>
        <RecordFileValueTableEntry>
          <FileName>5_236202564613833_FRA00005.cfg</FileName>
          <FileType>cfg</FileType>
        </RecordFileValueTableEntry>
        <RecordFileValueTableEntry>
          <FileName>5_236202564613833_FRA00005.dat</FileName>
          <FileType>dat</FileType>
        </RecordFileValueTableEntry>
      </RecordFileTable>
      <RecordAddress RecordId="0" />
      <RecorderProperty>
        <MaxRecordDuartion>0</MaxRecordDuartion>
        <PostTriggerTime>0</PostTriggerTime>
        <PreTriggerTime>0</PreTriggerTime>
        <SamplingRate>0</SamplingRate>
        <AveragingPeriod>0</AveragingPeriod>
        <Type>FastScanRecorder</Type>
        <DataFromDateTime>0001-01-01T00:00:00</DataFromDateTime>
        <DataToDateTime>0001-01-01T00:00:00</DataToDateTime>
      </RecorderProperty>
    </RecordEntryObjects>
    <RecordEntryObjects>
      <FaultNumber>6</FaultNumber>
      <StartTimeStamp>2025-06-23T06:47:01.855</StartTimeStamp>
      <EndTimeStamp>0001-01-01T00:00:00</EndTimeStamp>
      <CommandTriggered>false</CommandTriggered>
      <RecordEntryUniqueID>6_23620256471855</RecordEntryUniqueID>
      <RecordState>Downloaded</RecordState>
      <RecordSize>0</RecordSize>
      <IsTestFault>false</IsTestFault>
      <RecordFileTable>
        <RecordFileValueTableEntry>
          <FileName>/dynfs/hd2/rcd/rcda/FRA00006.smv</FileName>
          <FileSize>108941</FileSize>
          <FileType>smv</FileType>
        </RecordFileValueTableEntry>
        <RecordFileValueTableEntry>
          <FileName>/dynfs/hd2/rcd/rcda/FRA00006.pmv</FileName>
          <FileSize>1</FileSize>
          <FileType>pmv</FileType>
        </RecordFileValueTableEntry>
        <RecordFileValueTableEntry>
          <FileName>/dynfs/hd2/rcd/rcda/FRA00006.msg</FileName>
          <FileSize>263</FileSize>
          <FileType>msg</FileType>
        </RecordFileValueTableEntry>
        <RecordFileValueTableEntry>
          <FileName>/dynfs/hd2/rcd/rcda/FRA00006.mti</FileName>
          <FileSize>3910</FileSize>
          <FileType>mti</FileType>
        </RecordFileValueTableEntry>
        <RecordFileValueTableEntry>
          <FileName>6_23620256471855_FRA00006.cfg</FileName>
          <FileType>cfg</FileType>
        </RecordFileValueTableEntry>
        <RecordFileValueTableEntry>
          <FileName>6_23620256471855_FRA00006.dat</FileName>
          <FileType>dat</FileType>
        </RecordFileValueTableEntry>
      </RecordFileTable>
      <RecordAddress RecordId="0" />
      <RecorderProperty>
        <MaxRecordDuartion>0</MaxRecordDuartion>
        <PostTriggerTime>0</PostTriggerTime>
        <PreTriggerTime>0</PreTriggerTime>
        <SamplingRate>0</SamplingRate>
        <AveragingPeriod>0</AveragingPeriod>
        <Type>FastScanRecorder</Type>
        <DataFromDateTime>0001-01-01T00:00:00</DataFromDateTime>
        <DataToDateTime>0001-01-01T00:00:00</DataToDateTime>
      </RecorderProperty>
    </RecordEntryObjects>
    <RecordEntryObjects>
      <FaultNumber>7</FaultNumber>
      <StartTimeStamp>2025-06-23T06:48:19.6</StartTimeStamp>
      <EndTimeStamp>0001-01-01T00:00:00</EndTimeStamp>
      <CommandTriggered>false</CommandTriggered>
      <RecordEntryUniqueID>7_236202564819600</RecordEntryUniqueID>
      <RecordState>Downloaded</RecordState>
      <RecordSize>0</RecordSize>
      <IsTestFault>false</IsTestFault>
      <RecordFileTable>
        <RecordFileValueTableEntry>
          <FileName>/dynfs/hd2/rcd/rcda/FRA00007.smv</FileName>
          <FileSize>108221</FileSize>
          <FileType>smv</FileType>
        </RecordFileValueTableEntry>
        <RecordFileValueTableEntry>
          <FileName>/dynfs/hd2/rcd/rcda/FRA00007.pmv</FileName>
          <FileSize>1</FileSize>
          <FileType>pmv</FileType>
        </RecordFileValueTableEntry>
        <RecordFileValueTableEntry>
          <FileName>/dynfs/hd2/rcd/rcda/FRA00007.msg</FileName>
          <FileSize>263</FileSize>
          <FileType>msg</FileType>
        </RecordFileValueTableEntry>
        <RecordFileValueTableEntry>
          <FileName>/dynfs/hd2/rcd/rcda/FRA00007.mti</FileName>
          <FileSize>3929</FileSize>
          <FileType>mti</FileType>
        </RecordFileValueTableEntry>
        <RecordFileValueTableEntry>
          <FileName>7_236202564819600_FRA00007.cfg</FileName>
          <FileType>cfg</FileType>
        </RecordFileValueTableEntry>
        <RecordFileValueTableEntry>
          <FileName>7_236202564819600_FRA00007.dat</FileName>
          <FileType>dat</FileType>
        </RecordFileValueTableEntry>
      </RecordFileTable>
      <RecordAddress RecordId="0" />
      <RecorderProperty>
        <MaxRecordDuartion>0</MaxRecordDuartion>
        <PostTriggerTime>0</PostTriggerTime>
        <PreTriggerTime>0</PreTriggerTime>
        <SamplingRate>0</SamplingRate>
        <AveragingPeriod>0</AveragingPeriod>
        <Type>FastScanRecorder</Type>
        <DataFromDateTime>0001-01-01T00:00:00</DataFromDateTime>
        <DataToDateTime>0001-01-01T00:00:00</DataToDateTime>
      </RecorderProperty>
    </RecordEntryObjects>
    <RecordEntryObjects>
      <FaultNumber>8</FaultNumber>
      <StartTimeStamp>2025-06-23T06:48:58.317</StartTimeStamp>
      <EndTimeStamp>0001-01-01T00:00:00</EndTimeStamp>
      <CommandTriggered>false</CommandTriggered>
      <RecordEntryUniqueID>8_236202564858317</RecordEntryUniqueID>
      <RecordState>Downloaded</RecordState>
      <RecordSize>0</RecordSize>
      <IsTestFault>false</IsTestFault>
      <RecordFileTable>
        <RecordFileValueTableEntry>
          <FileName>/dynfs/hd2/rcd/rcda/FRA00008.smv</FileName>
          <FileSize>109157</FileSize>
          <FileType>smv</FileType>
        </RecordFileValueTableEntry>
        <RecordFileValueTableEntry>
          <FileName>/dynfs/hd2/rcd/rcda/FRA00008.pmv</FileName>
          <FileSize>1</FileSize>
          <FileType>pmv</FileType>
        </RecordFileValueTableEntry>
        <RecordFileValueTableEntry>
          <FileName>/dynfs/hd2/rcd/rcda/FRA00008.msg</FileName>
          <FileSize>263</FileSize>
          <FileType>msg</FileType>
        </RecordFileValueTableEntry>
        <RecordFileValueTableEntry>
          <FileName>/dynfs/hd2/rcd/rcda/FRA00008.mti</FileName>
          <FileSize>3910</FileSize>
          <FileType>mti</FileType>
        </RecordFileValueTableEntry>
        <RecordFileValueTableEntry>
          <FileName>8_236202564858317_FRA00008.cfg</FileName>
          <FileType>cfg</FileType>
        </RecordFileValueTableEntry>
        <RecordFileValueTableEntry>
          <FileName>8_236202564858317_FRA00008.dat</FileName>
          <FileType>dat</FileType>
        </RecordFileValueTableEntry>
      </RecordFileTable>
      <RecordAddress RecordId="0" />
      <RecorderProperty>
        <MaxRecordDuartion>0</MaxRecordDuartion>
        <PostTriggerTime>0</PostTriggerTime>
        <PreTriggerTime>0</PreTriggerTime>
        <SamplingRate>0</SamplingRate>
        <AveragingPeriod>0</AveragingPeriod>
        <Type>FastScanRecorder</Type>
        <DataFromDateTime>0001-01-01T00:00:00</DataFromDateTime>
        <DataToDateTime>0001-01-01T00:00:00</DataToDateTime>
      </RecorderProperty>
    </RecordEntryObjects>
    <RecordEntryObjects>
      <FaultNumber>9</FaultNumber>
      <StartTimeStamp>2025-06-23T06:49:34.398</StartTimeStamp>
      <EndTimeStamp>0001-01-01T00:00:00</EndTimeStamp>
      <CommandTriggered>false</CommandTriggered>
      <RecordEntryUniqueID>9_236202564934398</RecordEntryUniqueID>
      <RecordState>Downloaded</RecordState>
      <RecordSize>0</RecordSize>
      <IsTestFault>false</IsTestFault>
      <RecordFileTable>
        <RecordFileValueTableEntry>
          <FileName>/dynfs/hd2/rcd/rcda/FRA00009.smv</FileName>
          <FileSize>109157</FileSize>
          <FileType>smv</FileType>
        </RecordFileValueTableEntry>
        <RecordFileValueTableEntry>
          <FileName>/dynfs/hd2/rcd/rcda/FRA00009.pmv</FileName>
          <FileSize>1</FileSize>
          <FileType>pmv</FileType>
        </RecordFileValueTableEntry>
        <RecordFileValueTableEntry>
          <FileName>/dynfs/hd2/rcd/rcda/FRA00009.msg</FileName>
          <FileSize>263</FileSize>
          <FileType>msg</FileType>
        </RecordFileValueTableEntry>
        <RecordFileValueTableEntry>
          <FileName>/dynfs/hd2/rcd/rcda/FRA00009.mti</FileName>
          <FileSize>3929</FileSize>
          <FileType>mti</FileType>
        </RecordFileValueTableEntry>
        <RecordFileValueTableEntry>
          <FileName>9_236202564934398_FRA00009.cfg</FileName>
          <FileType>cfg</FileType>
        </RecordFileValueTableEntry>
        <RecordFileValueTableEntry>
          <FileName>9_236202564934398_FRA00009.dat</FileName>
          <FileType>dat</FileType>
        </RecordFileValueTableEntry>
      </RecordFileTable>
      <RecordAddress RecordId="0" />
      <RecorderProperty>
        <MaxRecordDuartion>0</MaxRecordDuartion>
        <PostTriggerTime>0</PostTriggerTime>
        <PreTriggerTime>0</PreTriggerTime>
        <SamplingRate>0</SamplingRate>
        <AveragingPeriod>0</AveragingPeriod>
        <Type>FastScanRecorder</Type>
        <DataFromDateTime>0001-01-01T00:00:00</DataFromDateTime>
        <DataToDateTime>0001-01-01T00:00:00</DataToDateTime>
      </RecorderProperty>
    </RecordEntryObjects>
    <RecordEntryObjects>
      <FaultNumber>10</FaultNumber>
      <StartTimeStamp>2025-06-23T06:50:47.301</StartTimeStamp>
      <EndTimeStamp>0001-01-01T00:00:00</EndTimeStamp>
      <CommandTriggered>false</CommandTriggered>
      <RecordEntryUniqueID>10_236202565047301</RecordEntryUniqueID>
      <RecordState>Downloaded</RecordState>
      <RecordSize>0</RecordSize>
      <IsTestFault>false</IsTestFault>
      <RecordFileTable>
        <RecordFileValueTableEntry>
          <FileName>/dynfs/hd2/rcd/rcda/FRA00010.smv</FileName>
          <FileSize>108149</FileSize>
          <FileType>smv</FileType>
        </RecordFileValueTableEntry>
        <RecordFileValueTableEntry>
          <FileName>/dynfs/hd2/rcd/rcda/FRA00010.pmv</FileName>
          <FileSize>1</FileSize>
          <FileType>pmv</FileType>
        </RecordFileValueTableEntry>
        <RecordFileValueTableEntry>
          <FileName>/dynfs/hd2/rcd/rcda/FRA00010.msg</FileName>
          <FileSize>263</FileSize>
          <FileType>msg</FileType>
        </RecordFileValueTableEntry>
        <RecordFileValueTableEntry>
          <FileName>/dynfs/hd2/rcd/rcda/FRA00010.mti</FileName>
          <FileSize>3930</FileSize>
          <FileType>mti</FileType>
        </RecordFileValueTableEntry>
        <RecordFileValueTableEntry>
          <FileName>10_236202565047301_FRA00010.cfg</FileName>
          <FileType>cfg</FileType>
        </RecordFileValueTableEntry>
        <RecordFileValueTableEntry>
          <FileName>10_236202565047301_FRA00010.dat</FileName>
          <FileType>dat</FileType>
        </RecordFileValueTableEntry>
      </RecordFileTable>
      <RecordAddress RecordId="0" />
      <RecorderProperty>
        <MaxRecordDuartion>0</MaxRecordDuartion>
        <PostTriggerTime>0</PostTriggerTime>
        <PreTriggerTime>0</PreTriggerTime>
        <SamplingRate>0</SamplingRate>
        <AveragingPeriod>0</AveragingPeriod>
        <Type>FastScanRecorder</Type>
        <DataFromDateTime>0001-01-01T00:00:00</DataFromDateTime>
        <DataToDateTime>0001-01-01T00:00:00</DataToDateTime>
      </RecorderProperty>
    </RecordEntryObjects>
    <RecordEntryObjects>
      <FaultNumber>11</FaultNumber>
      <StartTimeStamp>2025-06-23T06:51:38.063</StartTimeStamp>
      <EndTimeStamp>0001-01-01T00:00:00</EndTimeStamp>
      <CommandTriggered>false</CommandTriggered>
      <RecordEntryUniqueID>11_23620256513863</RecordEntryUniqueID>
      <RecordState>Downloaded</RecordState>
      <RecordSize>0</RecordSize>
      <IsTestFault>false</IsTestFault>
      <RecordFileTable>
        <RecordFileValueTableEntry>
          <FileName>/dynfs/hd2/rcd/rcda/FRA00011.smv</FileName>
          <FileSize>109085</FileSize>
          <FileType>smv</FileType>
        </RecordFileValueTableEntry>
        <RecordFileValueTableEntry>
          <FileName>/dynfs/hd2/rcd/rcda/FRA00011.pmv</FileName>
          <FileSize>1</FileSize>
          <FileType>pmv</FileType>
        </RecordFileValueTableEntry>
        <RecordFileValueTableEntry>
          <FileName>/dynfs/hd2/rcd/rcda/FRA00011.msg</FileName>
          <FileSize>263</FileSize>
          <FileType>msg</FileType>
        </RecordFileValueTableEntry>
        <RecordFileValueTableEntry>
          <FileName>/dynfs/hd2/rcd/rcda/FRA00011.mti</FileName>
          <FileSize>3930</FileSize>
          <FileType>mti</FileType>
        </RecordFileValueTableEntry>
        <RecordFileValueTableEntry>
          <FileName>11_23620256513863_FRA00011.cfg</FileName>
          <FileType>cfg</FileType>
        </RecordFileValueTableEntry>
        <RecordFileValueTableEntry>
          <FileName>11_23620256513863_FRA00011.dat</FileName>
          <FileType>dat</FileType>
        </RecordFileValueTableEntry>
      </RecordFileTable>
      <RecordAddress RecordId="0" />
      <RecorderProperty>
        <MaxRecordDuartion>0</MaxRecordDuartion>
        <PostTriggerTime>0</PostTriggerTime>
        <PreTriggerTime>0</PreTriggerTime>
        <SamplingRate>0</SamplingRate>
        <AveragingPeriod>0</AveragingPeriod>
        <Type>FastScanRecorder</Type>
        <DataFromDateTime>0001-01-01T00:00:00</DataFromDateTime>
        <DataToDateTime>0001-01-01T00:00:00</DataToDateTime>
      </RecorderProperty>
    </RecordEntryObjects>
    <RecordEntryObjects>
      <FaultNumber>12</FaultNumber>
      <StartTimeStamp>2025-06-23T06:52:23.623</StartTimeStamp>
      <EndTimeStamp>0001-01-01T00:00:00</EndTimeStamp>
      <CommandTriggered>false</CommandTriggered>
      <RecordEntryUniqueID>12_236202565223623</RecordEntryUniqueID>
      <RecordState>Downloaded</RecordState>
      <RecordSize>0</RecordSize>
      <IsTestFault>false</IsTestFault>
      <RecordFileTable>
        <RecordFileValueTableEntry>
          <FileName>/dynfs/hd2/rcd/rcda/FRA00012.smv</FileName>
          <FileSize>109445</FileSize>
          <FileType>smv</FileType>
        </RecordFileValueTableEntry>
        <RecordFileValueTableEntry>
          <FileName>/dynfs/hd2/rcd/rcda/FRA00012.pmv</FileName>
          <FileSize>1</FileSize>
          <FileType>pmv</FileType>
        </RecordFileValueTableEntry>
        <RecordFileValueTableEntry>
          <FileName>/dynfs/hd2/rcd/rcda/FRA00012.msg</FileName>
          <FileSize>263</FileSize>
          <FileType>msg</FileType>
        </RecordFileValueTableEntry>
        <RecordFileValueTableEntry>
          <FileName>/dynfs/hd2/rcd/rcda/FRA00012.mti</FileName>
          <FileSize>3930</FileSize>
          <FileType>mti</FileType>
        </RecordFileValueTableEntry>
        <RecordFileValueTableEntry>
          <FileName>12_236202565223623_FRA00012.cfg</FileName>
          <FileType>cfg</FileType>
        </RecordFileValueTableEntry>
        <RecordFileValueTableEntry>
          <FileName>12_236202565223623_FRA00012.dat</FileName>
          <FileType>dat</FileType>
        </RecordFileValueTableEntry>
      </RecordFileTable>
      <RecordAddress RecordId="0" />
      <RecorderProperty>
        <MaxRecordDuartion>0</MaxRecordDuartion>
        <PostTriggerTime>0</PostTriggerTime>
        <PreTriggerTime>0</PreTriggerTime>
        <SamplingRate>0</SamplingRate>
        <AveragingPeriod>0</AveragingPeriod>
        <Type>FastScanRecorder</Type>
        <DataFromDateTime>0001-01-01T00:00:00</DataFromDateTime>
        <DataToDateTime>0001-01-01T00:00:00</DataToDateTime>
      </RecorderProperty>
    </RecordEntryObjects>
    <RecordEntryObjects>
      <FaultNumber>13</FaultNumber>
      <StartTimeStamp>2025-06-23T07:22:16.302</StartTimeStamp>
      <EndTimeStamp>0001-01-01T00:00:00</EndTimeStamp>
      <CommandTriggered>false</CommandTriggered>
      <RecordEntryUniqueID>13_236202572216302</RecordEntryUniqueID>
      <RecordState>Downloaded</RecordState>
      <RecordSize>0</RecordSize>
      <IsTestFault>false</IsTestFault>
      <RecordFileTable>
        <RecordFileValueTableEntry>
          <FileName>/dynfs/hd2/rcd/rcda/FRA00013.smv</FileName>
          <FileSize>107717</FileSize>
          <FileType>smv</FileType>
        </RecordFileValueTableEntry>
        <RecordFileValueTableEntry>
          <FileName>/dynfs/hd2/rcd/rcda/FRA00013.pmv</FileName>
          <FileSize>1</FileSize>
          <FileType>pmv</FileType>
        </RecordFileValueTableEntry>
        <RecordFileValueTableEntry>
          <FileName>/dynfs/hd2/rcd/rcda/FRA00013.msg</FileName>
          <FileSize>353</FileSize>
          <FileType>msg</FileType>
        </RecordFileValueTableEntry>
        <RecordFileValueTableEntry>
          <FileName>/dynfs/hd2/rcd/rcda/FRA00013.mti</FileName>
          <FileSize>3930</FileSize>
          <FileType>mti</FileType>
        </RecordFileValueTableEntry>
      </RecordFileTable>
      <RecordAddress RecordId="0" />
      <RecorderProperty>
        <MaxRecordDuartion>0</MaxRecordDuartion>
        <PostTriggerTime>0</PostTriggerTime>
        <PreTriggerTime>0</PreTriggerTime>
        <SamplingRate>0</SamplingRate>
        <AveragingPeriod>0</AveragingPeriod>
        <Type>FastScanRecorder</Type>
        <DataFromDateTime>0001-01-01T00:00:00</DataFromDateTime>
        <DataToDateTime>0001-01-01T00:00:00</DataToDateTime>
      </RecorderProperty>
    </RecordEntryObjects>
    <RecordEntryObjects>
      <FaultNumber>14</FaultNumber>
      <StartTimeStamp>2025-06-23T07:23:10.298</StartTimeStamp>
      <EndTimeStamp>0001-01-01T00:00:00</EndTimeStamp>
      <CommandTriggered>false</CommandTriggered>
      <RecordEntryUniqueID>14_236202572310298</RecordEntryUniqueID>
      <RecordState>Downloaded</RecordState>
      <RecordSize>0</RecordSize>
      <IsTestFault>false</IsTestFault>
      <RecordFileTable>
        <RecordFileValueTableEntry>
          <FileName>/dynfs/hd2/rcd/rcda/FRA00014.smv</FileName>
          <FileSize>73445</FileSize>
          <FileType>smv</FileType>
        </RecordFileValueTableEntry>
        <RecordFileValueTableEntry>
          <FileName>/dynfs/hd2/rcd/rcda/FRA00014.pmv</FileName>
          <FileSize>1</FileSize>
          <FileType>pmv</FileType>
        </RecordFileValueTableEntry>
        <RecordFileValueTableEntry>
          <FileName>/dynfs/hd2/rcd/rcda/FRA00014.msg</FileName>
          <FileSize>268</FileSize>
          <FileType>msg</FileType>
        </RecordFileValueTableEntry>
        <RecordFileValueTableEntry>
          <FileName>/dynfs/hd2/rcd/rcda/FRA00014.mti</FileName>
          <FileSize>3930</FileSize>
          <FileType>mti</FileType>
        </RecordFileValueTableEntry>
      </RecordFileTable>
      <RecordAddress RecordId="0" />
      <RecorderProperty>
        <MaxRecordDuartion>0</MaxRecordDuartion>
        <PostTriggerTime>0</PostTriggerTime>
        <PreTriggerTime>0</PreTriggerTime>
        <SamplingRate>0</SamplingRate>
        <AveragingPeriod>0</AveragingPeriod>
        <Type>FastScanRecorder</Type>
        <DataFromDateTime>0001-01-01T00:00:00</DataFromDateTime>
        <DataToDateTime>0001-01-01T00:00:00</DataToDateTime>
      </RecorderProperty>
    </RecordEntryObjects>
    <RecordEntryObjects>
      <FaultNumber>15</FaultNumber>
      <StartTimeStamp>2025-06-23T07:24:01.494</StartTimeStamp>
      <EndTimeStamp>0001-01-01T00:00:00</EndTimeStamp>
      <CommandTriggered>false</CommandTriggered>
      <RecordEntryUniqueID>15_23620257241494</RecordEntryUniqueID>
      <RecordState>Downloaded</RecordState>
      <RecordSize>0</RecordSize>
      <IsTestFault>false</IsTestFault>
      <RecordFileTable>
        <RecordFileValueTableEntry>
          <FileName>/dynfs/hd2/rcd/rcda/FRA00015.smv</FileName>
          <FileSize>73013</FileSize>
          <FileType>smv</FileType>
        </RecordFileValueTableEntry>
        <RecordFileValueTableEntry>
          <FileName>/dynfs/hd2/rcd/rcda/FRA00015.pmv</FileName>
          <FileSize>1</FileSize>
          <FileType>pmv</FileType>
        </RecordFileValueTableEntry>
        <RecordFileValueTableEntry>
          <FileName>/dynfs/hd2/rcd/rcda/FRA00015.msg</FileName>
          <FileSize>233</FileSize>
          <FileType>msg</FileType>
        </RecordFileValueTableEntry>
        <RecordFileValueTableEntry>
          <FileName>/dynfs/hd2/rcd/rcda/FRA00015.mti</FileName>
          <FileSize>3911</FileSize>
          <FileType>mti</FileType>
        </RecordFileValueTableEntry>
      </RecordFileTable>
      <RecordAddress RecordId="0" />
      <RecorderProperty>
        <MaxRecordDuartion>0</MaxRecordDuartion>
        <PostTriggerTime>0</PostTriggerTime>
        <PreTriggerTime>0</PreTriggerTime>
        <SamplingRate>0</SamplingRate>
        <AveragingPeriod>0</AveragingPeriod>
        <Type>FastScanRecorder</Type>
        <DataFromDateTime>0001-01-01T00:00:00</DataFromDateTime>
        <DataToDateTime>0001-01-01T00:00:00</DataToDateTime>
      </RecorderProperty>
    </RecordEntryObjects>
    <RecordEntryObjects>
      <FaultNumber>16</FaultNumber>
      <StartTimeStamp>2025-06-23T07:27:13.417</StartTimeStamp>
      <EndTimeStamp>0001-01-01T00:00:00</EndTimeStamp>
      <CommandTriggered>false</CommandTriggered>
      <RecordEntryUniqueID>16_236202572713417</RecordEntryUniqueID>
      <RecordState>Downloaded</RecordState>
      <RecordSize>0</RecordSize>
      <IsTestFault>false</IsTestFault>
      <RecordFileTable>
        <RecordFileValueTableEntry>
          <FileName>/dynfs/hd2/rcd/rcda/FRA00016.smv</FileName>
          <FileSize>73517</FileSize>
          <FileType>smv</FileType>
        </RecordFileValueTableEntry>
        <RecordFileValueTableEntry>
          <FileName>/dynfs/hd2/rcd/rcda/FRA00016.pmv</FileName>
          <FileSize>1</FileSize>
          <FileType>pmv</FileType>
        </RecordFileValueTableEntry>
        <RecordFileValueTableEntry>
          <FileName>/dynfs/hd2/rcd/rcda/FRA00016.msg</FileName>
          <FileSize>233</FileSize>
          <FileType>msg</FileType>
        </RecordFileValueTableEntry>
        <RecordFileValueTableEntry>
          <FileName>/dynfs/hd2/rcd/rcda/FRA00016.mti</FileName>
          <FileSize>3930</FileSize>
          <FileType>mti</FileType>
        </RecordFileValueTableEntry>
      </RecordFileTable>
      <RecordAddress RecordId="0" />
      <RecorderProperty>
        <MaxRecordDuartion>0</MaxRecordDuartion>
        <PostTriggerTime>0</PostTriggerTime>
        <PreTriggerTime>0</PreTriggerTime>
        <SamplingRate>0</SamplingRate>
        <AveragingPeriod>0</AveragingPeriod>
        <Type>FastScanRecorder</Type>
        <DataFromDateTime>0001-01-01T00:00:00</DataFromDateTime>
        <DataToDateTime>0001-01-01T00:00:00</DataToDateTime>
      </RecorderProperty>
    </RecordEntryObjects>
    <RecordEntryObjects>
      <FaultNumber>17</FaultNumber>
      <StartTimeStamp>2025-06-23T07:27:54.553</StartTimeStamp>
      <EndTimeStamp>0001-01-01T00:00:00</EndTimeStamp>
      <CommandTriggered>false</CommandTriggered>
      <RecordEntryUniqueID>17_236202572754553</RecordEntryUniqueID>
      <RecordState>Downloaded</RecordState>
      <RecordSize>0</RecordSize>
      <IsTestFault>false</IsTestFault>
      <RecordFileTable>
        <RecordFileValueTableEntry>
          <FileName>/dynfs/hd2/rcd/rcda/FRA00017.smv</FileName>
          <FileSize>108437</FileSize>
          <FileType>smv</FileType>
        </RecordFileValueTableEntry>
        <RecordFileValueTableEntry>
          <FileName>/dynfs/hd2/rcd/rcda/FRA00017.pmv</FileName>
          <FileSize>1</FileSize>
          <FileType>pmv</FileType>
        </RecordFileValueTableEntry>
        <RecordFileValueTableEntry>
          <FileName>/dynfs/hd2/rcd/rcda/FRA00017.msg</FileName>
          <FileSize>263</FileSize>
          <FileType>msg</FileType>
        </RecordFileValueTableEntry>
        <RecordFileValueTableEntry>
          <FileName>/dynfs/hd2/rcd/rcda/FRA00017.mti</FileName>
          <FileSize>3930</FileSize>
          <FileType>mti</FileType>
        </RecordFileValueTableEntry>
      </RecordFileTable>
      <RecordAddress RecordId="0" />
      <RecorderProperty>
        <MaxRecordDuartion>0</MaxRecordDuartion>
        <PostTriggerTime>0</PostTriggerTime>
        <PreTriggerTime>0</PreTriggerTime>
        <SamplingRate>0</SamplingRate>
        <AveragingPeriod>0</AveragingPeriod>
        <Type>FastScanRecorder</Type>
        <DataFromDateTime>0001-01-01T00:00:00</DataFromDateTime>
        <DataToDateTime>0001-01-01T00:00:00</DataToDateTime>
      </RecorderProperty>
    </RecordEntryObjects>
    <RecordEntryObjects>
      <FaultNumber>18</FaultNumber>
      <StartTimeStamp>2025-06-23T07:28:42.969</StartTimeStamp>
      <EndTimeStamp>0001-01-01T00:00:00</EndTimeStamp>
      <CommandTriggered>false</CommandTriggered>
      <RecordEntryUniqueID>18_236202572842969</RecordEntryUniqueID>
      <RecordState>Downloaded</RecordState>
      <RecordSize>0</RecordSize>
      <IsTestFault>false</IsTestFault>
      <RecordFileTable>
        <RecordFileValueTableEntry>
          <FileName>/dynfs/hd2/rcd/rcda/FRA00018.smv</FileName>
          <FileSize>73373</FileSize>
          <FileType>smv</FileType>
        </RecordFileValueTableEntry>
        <RecordFileValueTableEntry>
          <FileName>/dynfs/hd2/rcd/rcda/FRA00018.pmv</FileName>
          <FileSize>1</FileSize>
          <FileType>pmv</FileType>
        </RecordFileValueTableEntry>
        <RecordFileValueTableEntry>
          <FileName>/dynfs/hd2/rcd/rcda/FRA00018.msg</FileName>
          <FileSize>233</FileSize>
          <FileType>msg</FileType>
        </RecordFileValueTableEntry>
        <RecordFileValueTableEntry>
          <FileName>/dynfs/hd2/rcd/rcda/FRA00018.mti</FileName>
          <FileSize>3912</FileSize>
          <FileType>mti</FileType>
        </RecordFileValueTableEntry>
      </RecordFileTable>
      <RecordAddress RecordId="0" />
      <RecorderProperty>
        <MaxRecordDuartion>0</MaxRecordDuartion>
        <PostTriggerTime>0</PostTriggerTime>
        <PreTriggerTime>0</PreTriggerTime>
        <SamplingRate>0</SamplingRate>
        <AveragingPeriod>0</AveragingPeriod>
        <Type>FastScanRecorder</Type>
        <DataFromDateTime>0001-01-01T00:00:00</DataFromDateTime>
        <DataToDateTime>0001-01-01T00:00:00</DataToDateTime>
      </RecorderProperty>
    </RecordEntryObjects>
    <RecordEntryObjects>
      <FaultNumber>19</FaultNumber>
      <StartTimeStamp>2025-06-23T07:29:19.77</StartTimeStamp>
      <EndTimeStamp>0001-01-01T00:00:00</EndTimeStamp>
      <CommandTriggered>false</CommandTriggered>
      <RecordEntryUniqueID>19_236202572919770</RecordEntryUniqueID>
      <RecordState>Downloaded</RecordState>
      <RecordSize>0</RecordSize>
      <IsTestFault>false</IsTestFault>
      <RecordFileTable>
        <RecordFileValueTableEntry>
          <FileName>/dynfs/hd2/rcd/rcda/FRA00019.smv</FileName>
          <FileSize>74021</FileSize>
          <FileType>smv</FileType>
        </RecordFileValueTableEntry>
        <RecordFileValueTableEntry>
          <FileName>/dynfs/hd2/rcd/rcda/FRA00019.pmv</FileName>
          <FileSize>1</FileSize>
          <FileType>pmv</FileType>
        </RecordFileValueTableEntry>
        <RecordFileValueTableEntry>
          <FileName>/dynfs/hd2/rcd/rcda/FRA00019.msg</FileName>
          <FileSize>323</FileSize>
          <FileType>msg</FileType>
        </RecordFileValueTableEntry>
        <RecordFileValueTableEntry>
          <FileName>/dynfs/hd2/rcd/rcda/FRA00019.mti</FileName>
          <FileSize>3930</FileSize>
          <FileType>mti</FileType>
        </RecordFileValueTableEntry>
      </RecordFileTable>
      <RecordAddress RecordId="0" />
      <RecorderProperty>
        <MaxRecordDuartion>0</MaxRecordDuartion>
        <PostTriggerTime>0</PostTriggerTime>
        <PreTriggerTime>0</PreTriggerTime>
        <SamplingRate>0</SamplingRate>
        <AveragingPeriod>0</AveragingPeriod>
        <Type>FastScanRecorder</Type>
        <DataFromDateTime>0001-01-01T00:00:00</DataFromDateTime>
        <DataToDateTime>0001-01-01T00:00:00</DataToDateTime>
      </RecorderProperty>
    </RecordEntryObjects>
    <RecordEntryObjects>
      <FaultNumber>20</FaultNumber>
      <StartTimeStamp>2025-06-23T07:30:24.586</StartTimeStamp>
      <EndTimeStamp>0001-01-01T00:00:00</EndTimeStamp>
      <CommandTriggered>false</CommandTriggered>
      <RecordEntryUniqueID>20_236202573024586</RecordEntryUniqueID>
      <RecordState>Downloaded</RecordState>
      <RecordSize>0</RecordSize>
      <IsTestFault>false</IsTestFault>
      <RecordFileTable>
        <RecordFileValueTableEntry>
          <FileName>/dynfs/hd2/rcd/rcda/FRA00020.smv</FileName>
          <FileSize>73589</FileSize>
          <FileType>smv</FileType>
        </RecordFileValueTableEntry>
        <RecordFileValueTableEntry>
          <FileName>/dynfs/hd2/rcd/rcda/FRA00020.pmv</FileName>
          <FileSize>1</FileSize>
          <FileType>pmv</FileType>
        </RecordFileValueTableEntry>
        <RecordFileValueTableEntry>
          <FileName>/dynfs/hd2/rcd/rcda/FRA00020.msg</FileName>
          <FileSize>233</FileSize>
          <FileType>msg</FileType>
        </RecordFileValueTableEntry>
        <RecordFileValueTableEntry>
          <FileName>/dynfs/hd2/rcd/rcda/FRA00020.mti</FileName>
          <FileSize>3929</FileSize>
          <FileType>mti</FileType>
        </RecordFileValueTableEntry>
      </RecordFileTable>
      <RecordAddress RecordId="0" />
      <RecorderProperty>
        <MaxRecordDuartion>0</MaxRecordDuartion>
        <PostTriggerTime>0</PostTriggerTime>
        <PreTriggerTime>0</PreTriggerTime>
        <SamplingRate>0</SamplingRate>
        <AveragingPeriod>0</AveragingPeriod>
        <Type>FastScanRecorder</Type>
        <DataFromDateTime>0001-01-01T00:00:00</DataFromDateTime>
        <DataToDateTime>0001-01-01T00:00:00</DataToDateTime>
      </RecorderProperty>
    </RecordEntryObjects>
    <RecordEntryObjects>
      <FaultNumber>21</FaultNumber>
      <StartTimeStamp>2025-06-23T07:30:49.417</StartTimeStamp>
      <EndTimeStamp>0001-01-01T00:00:00</EndTimeStamp>
      <CommandTriggered>false</CommandTriggered>
      <RecordEntryUniqueID>21_236202573049417</RecordEntryUniqueID>
      <RecordState>Downloaded</RecordState>
      <RecordSize>0</RecordSize>
      <IsTestFault>false</IsTestFault>
      <RecordFileTable>
        <RecordFileValueTableEntry>
          <FileName>/dynfs/hd2/rcd/rcda/FRA00021.smv</FileName>
          <FileSize>108077</FileSize>
          <FileType>smv</FileType>
        </RecordFileValueTableEntry>
        <RecordFileValueTableEntry>
          <FileName>/dynfs/hd2/rcd/rcda/FRA00021.pmv</FileName>
          <FileSize>1</FileSize>
          <FileType>pmv</FileType>
        </RecordFileValueTableEntry>
        <RecordFileValueTableEntry>
          <FileName>/dynfs/hd2/rcd/rcda/FRA00021.msg</FileName>
          <FileSize>263</FileSize>
          <FileType>msg</FileType>
        </RecordFileValueTableEntry>
        <RecordFileValueTableEntry>
          <FileName>/dynfs/hd2/rcd/rcda/FRA00021.mti</FileName>
          <FileSize>3911</FileSize>
          <FileType>mti</FileType>
        </RecordFileValueTableEntry>
      </RecordFileTable>
      <RecordAddress RecordId="0" />
      <RecorderProperty>
        <MaxRecordDuartion>0</MaxRecordDuartion>
        <PostTriggerTime>0</PostTriggerTime>
        <PreTriggerTime>0</PreTriggerTime>
        <SamplingRate>0</SamplingRate>
        <AveragingPeriod>0</AveragingPeriod>
        <Type>FastScanRecorder</Type>
        <DataFromDateTime>0001-01-01T00:00:00</DataFromDateTime>
        <DataToDateTime>0001-01-01T00:00:00</DataToDateTime>
      </RecorderProperty>
    </RecordEntryObjects>
    <RecordEntryObjects>
      <FaultNumber>22</FaultNumber>
      <StartTimeStamp>2025-06-23T07:31:47.533</StartTimeStamp>
      <EndTimeStamp>0001-01-01T00:00:00</EndTimeStamp>
      <CommandTriggered>false</CommandTriggered>
      <RecordEntryUniqueID>22_236202573147533</RecordEntryUniqueID>
      <RecordState>Downloaded</RecordState>
      <RecordSize>0</RecordSize>
      <IsTestFault>false</IsTestFault>
      <RecordFileTable>
        <RecordFileValueTableEntry>
          <FileName>/dynfs/hd2/rcd/rcda/FRA00022.smv</FileName>
          <FileSize>110165</FileSize>
          <FileType>smv</FileType>
        </RecordFileValueTableEntry>
        <RecordFileValueTableEntry>
          <FileName>/dynfs/hd2/rcd/rcda/FRA00022.pmv</FileName>
          <FileSize>1</FileSize>
          <FileType>pmv</FileType>
        </RecordFileValueTableEntry>
        <RecordFileValueTableEntry>
          <FileName>/dynfs/hd2/rcd/rcda/FRA00022.msg</FileName>
          <FileSize>298</FileSize>
          <FileType>msg</FileType>
        </RecordFileValueTableEntry>
        <RecordFileValueTableEntry>
          <FileName>/dynfs/hd2/rcd/rcda/FRA00022.mti</FileName>
          <FileSize>3930</FileSize>
          <FileType>mti</FileType>
        </RecordFileValueTableEntry>
      </RecordFileTable>
      <RecordAddress RecordId="0" />
      <RecorderProperty>
        <MaxRecordDuartion>0</MaxRecordDuartion>
        <PostTriggerTime>0</PostTriggerTime>
        <PreTriggerTime>0</PreTriggerTime>
        <SamplingRate>0</SamplingRate>
        <AveragingPeriod>0</AveragingPeriod>
        <Type>FastScanRecorder</Type>
        <DataFromDateTime>0001-01-01T00:00:00</DataFromDateTime>
        <DataToDateTime>0001-01-01T00:00:00</DataToDateTime>
      </RecorderProperty>
    </RecordEntryObjects>
    <RecordEntryObjects>
      <FaultNumber>23</FaultNumber>
      <StartTimeStamp>2025-06-23T07:33:04.055</StartTimeStamp>
      <EndTimeStamp>0001-01-01T00:00:00</EndTimeStamp>
      <CommandTriggered>false</CommandTriggered>
      <RecordEntryUniqueID>23_2362025733455</RecordEntryUniqueID>
      <RecordState>Downloaded</RecordState>
      <RecordSize>0</RecordSize>
      <IsTestFault>false</IsTestFault>
      <RecordFileTable>
        <RecordFileValueTableEntry>
          <FileName>/dynfs/hd2/rcd/rcda/FRA00023.smv</FileName>
          <FileSize>73301</FileSize>
          <FileType>smv</FileType>
        </RecordFileValueTableEntry>
        <RecordFileValueTableEntry>
          <FileName>/dynfs/hd2/rcd/rcda/FRA00023.pmv</FileName>
          <FileSize>1</FileSize>
          <FileType>pmv</FileType>
        </RecordFileValueTableEntry>
        <RecordFileValueTableEntry>
          <FileName>/dynfs/hd2/rcd/rcda/FRA00023.msg</FileName>
          <FileSize>268</FileSize>
          <FileType>msg</FileType>
        </RecordFileValueTableEntry>
        <RecordFileValueTableEntry>
          <FileName>/dynfs/hd2/rcd/rcda/FRA00023.mti</FileName>
          <FileSize>3912</FileSize>
          <FileType>mti</FileType>
        </RecordFileValueTableEntry>
      </RecordFileTable>
      <RecordAddress RecordId="0" />
      <RecorderProperty>
        <MaxRecordDuartion>0</MaxRecordDuartion>
        <PostTriggerTime>0</PostTriggerTime>
        <PreTriggerTime>0</PreTriggerTime>
        <SamplingRate>0</SamplingRate>
        <AveragingPeriod>0</AveragingPeriod>
        <Type>FastScanRecorder</Type>
        <DataFromDateTime>0001-01-01T00:00:00</DataFromDateTime>
        <DataToDateTime>0001-01-01T00:00:00</DataToDateTime>
      </RecorderProperty>
    </RecordEntryObjects>
    <RecordEntryObjects>
      <FaultNumber>24</FaultNumber>
      <StartTimeStamp>2025-06-23T07:33:53.821</StartTimeStamp>
      <EndTimeStamp>0001-01-01T00:00:00</EndTimeStamp>
      <CommandTriggered>false</CommandTriggered>
      <RecordEntryUniqueID>24_236202573353821</RecordEntryUniqueID>
      <RecordState>Downloaded</RecordState>
      <RecordSize>0</RecordSize>
      <IsTestFault>false</IsTestFault>
      <RecordFileTable>
        <RecordFileValueTableEntry>
          <FileName>/dynfs/hd2/rcd/rcda/FRA00024.smv</FileName>
          <FileSize>72869</FileSize>
          <FileType>smv</FileType>
        </RecordFileValueTableEntry>
        <RecordFileValueTableEntry>
          <FileName>/dynfs/hd2/rcd/rcda/FRA00024.pmv</FileName>
          <FileSize>1</FileSize>
          <FileType>pmv</FileType>
        </RecordFileValueTableEntry>
        <RecordFileValueTableEntry>
          <FileName>/dynfs/hd2/rcd/rcda/FRA00024.msg</FileName>
          <FileSize>233</FileSize>
          <FileType>msg</FileType>
        </RecordFileValueTableEntry>
        <RecordFileValueTableEntry>
          <FileName>/dynfs/hd2/rcd/rcda/FRA00024.mti</FileName>
          <FileSize>3930</FileSize>
          <FileType>mti</FileType>
        </RecordFileValueTableEntry>
      </RecordFileTable>
      <RecordAddress RecordId="0" />
      <RecorderProperty>
        <MaxRecordDuartion>0</MaxRecordDuartion>
        <PostTriggerTime>0</PostTriggerTime>
        <PreTriggerTime>0</PreTriggerTime>
        <SamplingRate>0</SamplingRate>
        <AveragingPeriod>0</AveragingPeriod>
        <Type>FastScanRecorder</Type>
        <DataFromDateTime>0001-01-01T00:00:00</DataFromDateTime>
        <DataToDateTime>0001-01-01T00:00:00</DataToDateTime>
      </RecorderProperty>
    </RecordEntryObjects>
    <RecordEntryObjects>
      <FaultNumber>25</FaultNumber>
      <StartTimeStamp>2025-06-23T07:35:27.293</StartTimeStamp>
      <EndTimeStamp>0001-01-01T00:00:00</EndTimeStamp>
      <CommandTriggered>false</CommandTriggered>
      <RecordEntryUniqueID>25_236202573527293</RecordEntryUniqueID>
      <RecordState>Downloaded</RecordState>
      <RecordSize>0</RecordSize>
      <IsTestFault>false</IsTestFault>
      <RecordFileTable>
        <RecordFileValueTableEntry>
          <FileName>/dynfs/hd2/rcd/rcda/FRA00025.smv</FileName>
          <FileSize>107645</FileSize>
          <FileType>smv</FileType>
        </RecordFileValueTableEntry>
        <RecordFileValueTableEntry>
          <FileName>/dynfs/hd2/rcd/rcda/FRA00025.pmv</FileName>
          <FileSize>1</FileSize>
          <FileType>pmv</FileType>
        </RecordFileValueTableEntry>
        <RecordFileValueTableEntry>
          <FileName>/dynfs/hd2/rcd/rcda/FRA00025.msg</FileName>
          <FileSize>263</FileSize>
          <FileType>msg</FileType>
        </RecordFileValueTableEntry>
        <RecordFileValueTableEntry>
          <FileName>/dynfs/hd2/rcd/rcda/FRA00025.mti</FileName>
          <FileSize>3930</FileSize>
          <FileType>mti</FileType>
        </RecordFileValueTableEntry>
      </RecordFileTable>
      <RecordAddress RecordId="0" />
      <RecorderProperty>
        <MaxRecordDuartion>0</MaxRecordDuartion>
        <PostTriggerTime>0</PostTriggerTime>
        <PreTriggerTime>0</PreTriggerTime>
        <SamplingRate>0</SamplingRate>
        <AveragingPeriod>0</AveragingPeriod>
        <Type>FastScanRecorder</Type>
        <DataFromDateTime>0001-01-01T00:00:00</DataFromDateTime>
        <DataToDateTime>0001-01-01T00:00:00</DataToDateTime>
      </RecorderProperty>
    </RecordEntryObjects>
    <RecordEntryObjects>
      <FaultNumber>26</FaultNumber>
      <StartTimeStamp>2025-06-23T07:36:07.227</StartTimeStamp>
      <EndTimeStamp>0001-01-01T00:00:00</EndTimeStamp>
      <CommandTriggered>false</CommandTriggered>
      <RecordEntryUniqueID>26_23620257367227</RecordEntryUniqueID>
      <RecordState>Downloaded</RecordState>
      <RecordSize>0</RecordSize>
      <IsTestFault>false</IsTestFault>
      <RecordFileTable>
        <RecordFileValueTableEntry>
          <FileName>/dynfs/hd2/rcd/rcda/FRA00026.smv</FileName>
          <FileSize>101597</FileSize>
          <FileType>smv</FileType>
        </RecordFileValueTableEntry>
        <RecordFileValueTableEntry>
          <FileName>/dynfs/hd2/rcd/rcda/FRA00026.pmv</FileName>
          <FileSize>1</FileSize>
          <FileType>pmv</FileType>
        </RecordFileValueTableEntry>
        <RecordFileValueTableEntry>
          <FileName>/dynfs/hd2/rcd/rcda/FRA00026.msg</FileName>
          <FileSize>563</FileSize>
          <FileType>msg</FileType>
        </RecordFileValueTableEntry>
        <RecordFileValueTableEntry>
          <FileName>/dynfs/hd2/rcd/rcda/FRA00026.mti</FileName>
          <FileSize>3930</FileSize>
          <FileType>mti</FileType>
        </RecordFileValueTableEntry>
      </RecordFileTable>
      <RecordAddress RecordId="0" />
      <RecorderProperty>
        <MaxRecordDuartion>0</MaxRecordDuartion>
        <PostTriggerTime>0</PostTriggerTime>
        <PreTriggerTime>0</PreTriggerTime>
        <SamplingRate>0</SamplingRate>
        <AveragingPeriod>0</AveragingPeriod>
        <Type>FastScanRecorder</Type>
        <DataFromDateTime>0001-01-01T00:00:00</DataFromDateTime>
        <DataToDateTime>0001-01-01T00:00:00</DataToDateTime>
      </RecorderProperty>
    </RecordEntryObjects>
  </RecordEntries>
  <RecorderLatestSettings />
  <IsRecordEntriesChanged>true</IsRecordEntriesChanged>
</RecordEntryContainer>